14.07.2015 12:28:18,50.1048669,14.4493903,1
14.07.2015 13:31:33,50.1048258,14.449518,1
14.07.2015 14:35:05,50.1048252,14.4494285,1
14.07.2015 15:35:36,50.1047354,14.4496621,1
14.07.2015 16:39:23,50.1185094,14.4847195,0
14.07.2015 17:43:05,50.1185094,14.4847195,0
14.07.2015 18:46:08,50.1185094,14.4847195,0
14.07.2015 19:48:52,50.1185094,14.4847195,0
14.07.2015 20:52:57,50.1185094,14.4847195,0
14.07.2015 21:54:44,50.1263652,14.5036023,10
14.07.2015 22:57:47,50.1263652,14.5036023,10
15.07.2015 00:00:22,50.1263652,14.5036023,10
15.07.2015 01:03:03,50.1263652,14.5036023,10
15.07.2015 02:05:38,50.1263652,14.5036023,10
15.07.2015 03:08:42,50.1265823,14.5034939,10
15.07.2015 04:11:39,50.1265823,14.5034939,10
15.07.2015 05:14:23,50.1262296,14.5033358,10
15.07.2015 06:14:23,50.1248014,14.5048092,10
15.07.2015 07:15:17,50.104778,14.4494766,1
15.07.2015 08:17:32,50.1048372,14.4494999,1
15.07.2015 09:17:45,50.1047408,14.4494414,1
15.07.2015 10:17:46,50.1030938,14.4482164,2
15.07.2015 11:21:06,50.1048589,14.4494531,1
15.07.2015 12:23:06,50.1048375,14.4494998,1
15.07.2015 13:27:38,50.1048955,14.4493435,1
15.07.2015 14:30:28,50.10481,14.4495172,1
15.07.2015 15:31:13,50.1048136,14.4495167,1
15.07.2015 16:31:37,50.1256546,14.4984911,0
15.07.2015 17:34:43,50.1264822,14.5031555,10
15.07.2015 18:37:18,50.1264822,14.5031555,10
15.07.2015 19:40:17,50.1264822,14.5031555,10
15.07.2015 20:40:39,50.1262385,14.5035043,10
15.07.2015 21:41:39,50.1254847,14.5053056,10
15.07.2015 22:42:32,50.1262839,14.5046078,10
15.07.2015 23:45:08,50.1262839,14.5046078,10
16.07.2015 00:47:23,50.1262839,14.5046078,10
16.07.2015 01:52:18,50.1264058,14.5031205,10
16.07.2015 02:57:09,50.1264058,14.5031205,10
16.07.2015 03:57:10,50.1264058,14.5031205,10
16.07.2015 05:01:10,50.1261678,14.5037352,10
16.07.2015 06:02:07,50.1262418,14.503464,10
16.07.2015 07:02:35,50.1046321,14.4491977,1
16.07.2015 08:07:22,50.0519028,14.2925474,0
16.07.2015 09:07:37,50.0558065,14.2890305,0
16.07.2015 10:08:07,50.1068387,14.4498505,0
16.07.2015 11:08:11,50.1048384,14.4494993,1
16.07.2015 12:08:15,50.1047679,14.4495342,1
16.07.2015 13:09:42,50.1046597,14.4493248,1
16.07.2015 14:09:52,50.1048371,14.4494995,1
16.07.2015 15:14:13,50.1048371,14.4494995,1
16.07.2015 16:14:49,50.1171348,14.4740946,0
16.07.2015 17:17:30,50.1070392,14.4273629,0
16.07.2015 18:20:54,50.1070383,14.4273649,0
16.07.2015 19:24:07,50.1070396,14.4273653,0
16.07.2015 20:27:53,50.1070396,14.4273653,0
16.07.2015 21:28:05,50.1260269,14.5028843,10
16.07.2015 22:28:18,50.1262521,14.5035037,10
16.07.2015 23:30:52,50.1262521,14.5035037,10
17.07.2015 00:33:27,50.1262521,14.5035037,10
17.07.2015 01:36:26,50.1262521,14.5035037,10
17.07.2015 02:39:10,50.1262521,14.5035037,10
17.07.2015 03:41:13,50.1266618,14.5030542,10
17.07.2015 04:45:50,50.1263058,14.503397,10
17.07.2015 05:48:39,50.1263058,14.503397,10
17.07.2015 06:48:54,50.12653,14.5020068,10
17.07.2015 07:49:06,50.1049376,14.4497279,1
17.07.2015 08:49:13,50.1050059,14.4496753,1
17.07.2015 09:51:41,50.1047196,14.4493373,1
17.07.2015 10:51:46,50.1262377,14.503536,10
17.07.2015 11:52:32,50.033312,14.581055,0
17.07.2015 12:52:35,50.033312,14.581055,0
17.07.2015 13:52:38,50.1072347,14.5606946,0
17.07.2015 14:52:48,50.1310426,14.5016938,0
17.07.2015 15:53:24,50.2255677,15.8395877,0
17.07.2015 16:57:56,50.2727515,15.8513341,23
17.07.2015 18:01:27,50.4017174,15.8866873,0
17.07.2015 19:05:31,50.4017022,15.8866675,0
17.07.2015 20:08:53,50.4017263,15.886714,0
17.07.2015 21:11:38,50.4017024,15.8866738,0
17.07.2015 22:15:38,50.4017263,15.886714,0
17.07.2015 23:19:52,50.4017161,15.8867126,0
18.07.2015 00:22:22,50.4017263,15.886714,0
18.07.2015 01:25:37,50.4017323,15.8867071,0
18.07.2015 02:29:18,50.4017026,15.8866758,0
18.07.2015 03:33:34,50.4017281,15.8866962,0
18.07.2015 04:38:18,50.401718,15.8867103,0
18.07.2015 05:43:21,50.401718,15.8867103,0
18.07.2015 06:47:43,50.401732,15.8867044,0
18.07.2015 07:51:09,50.4017192,15.886692,0
18.07.2015 08:51:14,50.272736,15.8513447,23
18.07.2015 09:54:47,50.2727496,15.8512109,23
18.07.2015 10:56:02,50.2726902,15.8516362,0
18.07.2015 12:00:05,50.2727257,15.8515065,23
18.07.2015 13:04:20,50.2727366,15.8513327,23
18.07.2015 14:06:41,50.2726335,15.8512538,0
18.07.2015 15:10:36,50.2726332,15.8512534,0
18.07.2015 16:11:05,50.2173094,15.822365,0
18.07.2015 17:15:18,50.1192727,14.5552812,0
18.07.2015 18:15:36,50.1262732,14.5034625,10
18.07.2015 19:18:05,50.1262381,14.5035053,10
18.07.2015 20:18:36,50.0928035,14.3277037,0
18.07.2015 21:18:47,50.1262379,14.5034895,10
18.07.2015 22:22:11,50.1262716,14.5034232,10
18.07.2015 23:26:57,50.1262388,14.5035221,10
19.07.2015 00:30:22,50.1262679,14.503489,10
19.07.2015 21:39:14,50.1264386,14.5019645,10
19.07.2015 22:40:20,50.1263362,14.5034106,10
19.07.2015 23:44:18,50.1264334,14.503526,10
20.07.2015 00:44:29,50.1263541,14.5034727,10
20.07.2015 01:44:31,50.1263835,14.5034494,10
20.07.2015 02:44:31,50.1263941,14.5034383,10
20.07.2015 03:44:32,50.1264238,14.5034038,10
20.07.2015 04:44:34,50.1263002,14.5034127,10
20.07.2015 05:45:36,50.126241,14.5034635,10
20.07.2015 06:45:49,50.1082379,14.4407177,9
20.07.2015 07:48:43,50.1048368,14.4495,1
20.07.2015 08:50:28,50.1048092,14.4495195,1
20.07.2015 09:50:42,50.1048805,14.4495962,1
20.07.2015 10:51:07,50.1044008,14.4496605,0
20.07.2015 11:51:25,50.1047912,14.449452,1
20.07.2015 12:52:24,50.1048084,14.4494893,1
20.07.2015 13:56:09,50.1048161,14.4493151,1
20.07.2015 14:56:56,50.10479,14.4492789,1
20.07.2015 15:56:58,50.1047192,14.4496777,1
20.07.2015 16:59:58,50.1263855,14.5031514,10
20.07.2015 18:01:48,50.102253,14.5287912,0
20.07.2015 19:02:09,50.1264271,14.5035025,10
20.07.2015 20:02:33,50.1262649,14.5034306,10
20.07.2015 21:05:46,50.126216,14.5034316,10
20.07.2015 22:09:39,50.1262151,14.5034409,10
20.07.2015 23:14:16,50.1262151,14.5034409,10
21.07.2015 00:18:05,50.1262151,14.5034409,10
21.07.2015 01:21:01,50.1262151,14.5034409,10
21.07.2015 02:23:35,50.1262151,14.5034409,10
21.07.2015 03:26:43,50.1262151,14.5034409,10
21.07.2015 04:29:23,50.1262151,14.5034409,10
21.07.2015 05:32:34,50.1262151,14.5034409,10
21.07.2015 06:33:22,50.1267077,14.4895254,0
21.07.2015 07:34:05,50.1048631,14.4495511,1
21.07.2015 08:38:31,50.1048994,14.4496021,1
21.07.2015 09:39:19,50.104712,14.4494668,1
21.07.2015 10:39:51,50.1047603,14.4494861,1
21.07.2015 11:40:21,50.1048368,14.4495,1
21.07.2015 12:43:18,50.1047985,14.4493932,1
21.07.2015 13:44:08,50.1048179,14.4494628,1
21.07.2015 14:44:39,50.1046959,14.4494828,1
21.07.2015 15:44:57,50.1264656,14.4899093,0
21.07.2015 16:46:57,50.1304165,14.4964612,0
21.07.2015 17:47:03,50.1284069,14.4987598,12
21.07.2015 18:52:13,50.1292003,14.4999625,0
21.07.2015 19:52:37,50.1290222,14.4997208,12
21.07.2015 20:56:45,50.1260717,14.5029533,10
21.07.2015 21:57:29,50.1260717,14.5029533,10
21.07.2015 22:59:35,50.1263584,14.5036762,10
21.07.2015 23:59:48,50.1263584,14.5036762,10
22.07.2015 01:03:24,50.1263584,14.5036762,10
22.07.2015 02:04:43,50.1263584,14.5036762,10
22.07.2015 03:09:40,50.1263584,14.5036762,10
22.07.2015 04:09:55,50.1261567,14.5034754,10
22.07.2015 05:10:10,50.1261567,14.5034754,10
22.07.2015 06:15:21,50.1262437,14.503508,10
22.07.2015 07:15:45,50.1222784,14.5097244,0
22.07.2015 08:18:09,50.1047082,14.4494162,1
22.07.2015 09:18:21,50.1046842,14.4494566,1
22.07.2015 10:22:22,50.1046495,14.4494363,1
22.07.2015 11:22:37,50.1048091,14.4495285,1
22.07.2015 12:22:48,50.1047915,14.4493913,1
22.07.2015 13:23:02,50.1046861,14.4493588,1
22.07.2015 14:24:01,50.1047391,14.4495188,1
22.07.2015 15:24:29,50.1047843,14.4495538,1
22.07.2015 16:25:10,50.126705,14.5031092,10
22.07.2015 17:29:48,50.1262391,14.5035918,10
22.07.2015 18:33:11,50.1262391,14.5035918,10
22.07.2015 19:37:57,50.1262391,14.5035918,10
22.07.2015 20:37:58,50.1262391,14.5035918,10
22.07.2015 21:39:13,50.1262391,14.5035919,10
22.07.2015 22:39:24,50.1262391,14.5035919,10
22.07.2015 23:39:36,50.1260728,14.503959,10
23.07.2015 00:44:40,50.1260728,14.503959,10
23.07.2015 01:45:20,50.1260728,14.503959,10
23.07.2015 02:46:43,50.1263306,14.5031189,10
23.07.2015 03:46:53,50.1265431,14.5032305,10
23.07.2015 04:47:06,50.1263794,14.5033009,10
23.07.2015 05:47:19,50.1264094,14.503129,10
23.07.2015 06:47:21,50.0621055,14.426536,0
23.07.2015 07:51:11,50.1047833,14.4495536,1
23.07.2015 08:51:15,50.1047851,14.4495533,1
23.07.2015 09:51:54,50.1046566,14.4494023,1
23.07.2015 10:52:19,50.1036701,14.4495034,0
23.07.2015 11:56:46,50.1045925,14.4493101,1
23.07.2015 12:57:14,50.1047279,14.4494747,1
23.07.2015 14:02:04,50.1046944,14.4495174,1
23.07.2015 15:02:47,50.1046473,14.4494865,1
23.07.2015 16:02:55,50.1047004,14.4494453,1
23.07.2015 17:03:38,50.1236199,14.4715043,0
23.07.2015 18:05:14,50.1236233,14.4716881,0
23.07.2015 19:05:22,50.1236928,14.4715953,0
23.07.2015 20:05:45,50.1236375,14.4715577,0
23.07.2015 21:10:46,50.1236433,14.4717382,0
23.07.2015 22:11:17,50.1267009,14.5034628,10
23.07.2015 23:11:52,50.1267009,14.5034628,10
24.07.2015 00:11:58,50.1267009,14.5034628,10
24.07.2015 01:12:11,50.1267009,14.5034628,10
24.07.2015 02:13:18,50.1267009,14.5034628,10
24.07.2015 03:17:11,50.1088608,14.444526,0
24.07.2015 04:18:53,50.0903275,15.025686,0
24.07.2015 05:19:13,49.8974376,16.4468541,0
24.07.2015 06:19:19,49.1922156,16.6147462,0
24.07.2015 13:12:21,48.7316689,16.965619,0
24.07.2015 14:16:25,49.2894584,16.6657936,0
24.07.2015 15:21:25,49.9949711,16.2348951,0
24.07.2015 16:22:11,50.0941698,14.9056997,0
24.07.2015 17:22:23,50.1268704,14.4887544,11
24.07.2015 18:23:11,50.1265758,14.5033558,10
24.07.2015 19:23:24,50.1265758,14.5033558,10
24.07.2015 20:28:28,50.1265758,14.5033558,10
24.07.2015 21:28:40,50.1265758,14.5033558,10
24.07.2015 22:28:50,50.1265758,14.5033558,10
24.07.2015 23:29:04,50.1265758,14.5033558,10
25.07.2015 00:29:15,50.1262053,14.5037545,10
25.07.2015 01:29:20,50.1262053,14.5037545,10
25.07.2015 02:29:33,50.1261889,14.5038189,10
25.07.2015 03:29:40,50.1262146,14.5037281,10
25.07.2015 04:29:43,50.1262146,14.5037281,10
25.07.2015 05:30:00,50.1262142,14.5037267,10
25.07.2015 06:30:07,50.1262142,14.5037267,10
25.07.2015 07:30:18,50.1262142,14.5037267,10
25.07.2015 08:31:42,50.1262494,14.5036715,10
25.07.2015 09:32:05,50.1262504,14.5036547,10
25.07.2015 10:32:45,50.1262505,14.5036592,10
25.07.2015 11:36:11,50.126249,14.5036769,10
25.07.2015 12:39:50,50.1262509,14.503662,10
25.07.2015 13:43:41,50.1262481,14.5036639,10
25.07.2015 14:45:52,50.1261887,14.503651,10
25.07.2015 15:55:28,50.1262047,14.5037557,10
25.07.2015 16:58:55,50.1262133,14.5036483,10
25.07.2015 18:04:57,50.1283245,14.5039757,0
25.07.2015 19:05:19,50.1261519,14.5036226,10
25.07.2015 20:05:30,50.1261519,14.5036226,10
25.07.2015 21:05:42,50.1261519,14.5036226,10
25.07.2015 22:05:52,50.1261657,14.5036392,10
25.07.2015 23:06:02,50.1261657,14.5036392,10
26.07.2015 00:06:12,50.1261657,14.5036392,10
26.07.2015 01:06:24,50.1261657,14.5036392,10
26.07.2015 02:06:34,50.1261657,14.5036392,10
26.07.2015 03:06:44,50.1261657,14.5036392,10
26.07.2015 04:06:54,50.1261657,14.5036392,10
26.07.2015 05:07:05,50.1261657,14.5036392,10
26.07.2015 06:07:16,50.1261657,14.5036392,10
26.07.2015 07:07:28,50.1261657,14.5036392,10
26.07.2015 08:07:40,50.1261657,14.5036392,10
26.07.2015 09:07:51,50.1261657,14.5036392,10
26.07.2015 10:08:01,50.1261657,14.5036392,10
26.07.2015 11:13:03,50.1261657,14.5036392,10
26.07.2015 12:13:15,50.1261657,14.5036392,10
26.07.2015 13:13:24,50.1261657,14.5036392,10
26.07.2015 14:14:32,50.1261657,14.5036392,10
26.07.2015 15:14:45,50.1261657,14.5036392,10
26.07.2015 21:30:02,50.1310153,14.5017044,0
26.07.2015 22:31:32,50.1262744,14.5029345,10
26.07.2015 23:36:19,50.126288,14.502999,10
27.07.2015 00:40:51,50.1263041,14.5034799,10
27.07.2015 01:45:59,50.1262045,14.5031235,10
27.07.2015 02:49:18,50.1264524,14.5030733,10
27.07.2015 03:50:34,50.1263103,14.5028645,10
27.07.2015 04:54:25,50.1264492,14.5031157,10
27.07.2015 05:55:01,50.1080314,14.4407878,9
27.07.2015 06:55:14,50.1047567,14.449374,1
27.07.2015 07:56:05,50.1046469,14.4494862,1
27.07.2015 08:58:21,50.1048145,14.4494056,1
27.07.2015 09:58:47,50.104675,14.4497433,1
27.07.2015 11:42:03,50.1046781,14.4493742,1
27.07.2015 12:42:40,50.1046489,14.4493766,1
27.07.2015 13:43:52,50.1047184,14.4493227,1
27.07.2015 14:44:13,50.1047839,14.4495536,1
27.07.2015 15:44:19,50.1046906,14.449399,1
27.07.2015 16:44:32,50.1174954,14.4584677,0
27.07.2015 17:46:51,50.1274269,14.6446162,0
27.07.2015 18:47:25,50.1243311,14.5119038,0
27.07.2015 19:49:20,50.1261824,14.5036929,10
27.07.2015 20:49:30,50.1263216,14.5029638,10
27.07.2015 21:54:40,50.1263071,14.5032558,10
27.07.2015 22:55:50,50.1262972,14.5032517,10
27.07.2015 23:56:03,50.1263734,14.5033714,10
28.07.2015 00:56:15,50.1264399,14.5033124,10
28.07.2015 01:56:26,50.1263813,14.5028095,10
28.07.2015 02:56:37,50.1263743,14.5028979,10
28.07.2015 03:56:46,50.1264251,14.503385,10
28.07.2015 04:57:24,50.1264127,14.5031436,10
28.07.2015 05:57:53,50.1261954,14.5035689,10
28.07.2015 06:58:11,50.1080435,14.4406286,9
28.07.2015 08:01:41,50.1048601,14.4493169,1
28.07.2015 09:04:33,50.1048283,14.4493434,1
28.07.2015 10:08:46,50.1048338,14.4493352,1
28.07.2015 11:09:32,50.1047258,14.4494552,1
28.07.2015 12:11:31,50.1047859,14.4495543,1
28.07.2015 13:13:33,50.1046469,14.4494865,1
28.07.2015 14:17:30,50.1048263,14.4493426,1
28.07.2015 15:18:09,50.1046475,14.4494882,1
28.07.2015 16:18:48,50.1264103,14.5027971,10
28.07.2015 17:22:58,50.1264103,14.5027971,10
28.07.2015 18:23:09,50.1383649,14.503454,0
28.07.2015 19:23:43,50.1352815,14.5002391,13
28.07.2015 20:24:41,50.1393401,14.4945265,0
28.07.2015 21:27:39,50.1393401,14.4945265,0
28.07.2015 22:32:04,50.1393401,14.4945265,0
28.07.2015 23:34:39,50.1264339,14.5031637,10
29.07.2015 00:37:57,50.1264339,14.5031637,10
29.07.2015 01:38:58,50.1264339,14.5031637,10
29.07.2015 02:42:31,50.1260459,14.5035271,10
29.07.2015 03:45:14,50.1260459,14.5035271,10
29.07.2015 04:48:44,50.126404,14.5035872,10
29.07.2015 05:51:58,50.126404,14.5035872,10
29.07.2015 06:52:14,50.1046947,14.4494261,1
29.07.2015 07:52:24,50.1048395,14.4493445,1
29.07.2015 08:53:31,50.1047938,14.4493714,1
29.07.2015 09:55:42,50.1047578,14.4493957,1
29.07.2015 10:59:03,50.1066806,14.4534437,0
29.07.2015 12:03:45,50.1046469,14.4494862,1
29.07.2015 13:09:05,50.1046489,14.449487,1
29.07.2015 14:11:11,50.1046933,14.4493555,1
29.07.2015 15:12:00,50.1256665,14.5038837,10
29.07.2015 16:12:17,50.1256665,14.5038837,10
29.07.2015 17:16:21,50.1256665,14.5038837,10
29.07.2015 18:16:21,50.1256665,14.5038837,10
29.07.2015 19:27:46,50.1262503,14.5036547,10
29.07.2015 20:31:29,50.1262503,14.5036444,10
29.07.2015 21:38:28,50.1262482,14.5036547,10
29.07.2015 22:42:44,50.1262503,14.5036529,10
29.07.2015 23:43:25,50.1262503,14.5036531,10
30.07.2015 00:47:38,50.1262493,14.5036446,10
30.07.2015 01:50:55,50.1262493,14.5036448,10
30.07.2015 02:53:28,50.126212,14.5036584,10
30.07.2015 03:58:24,50.1262493,14.5036446,10
30.07.2015 05:02:34,50.1262503,14.5036529,10
30.07.2015 06:05:35,50.1262493,14.5036448,10
30.07.2015 07:06:53,50.1080311,14.4406687,9
30.07.2015 08:08:19,50.1047098,14.4494421,1
30.07.2015 09:09:13,50.1048692,14.4492409,1
30.07.2015 10:09:20,50.1047407,14.4494389,1
30.07.2015 11:10:04,50.1047839,14.4495536,1
30.07.2015 12:10:14,50.1047674,14.4494276,1
30.07.2015 13:10:17,50.104624,14.4494236,1
30.07.2015 14:14:43,50.1047107,14.4495244,1
30.07.2015 15:14:44,50.1046677,14.4495216,1
30.07.2015 16:15:27,50.1046473,14.4494868,1
30.07.2015 17:15:35,50.1046881,14.4494552,1
30.07.2015 18:19:15,50.1046475,14.4494911,1
30.07.2015 19:20:06,50.1259134,14.5028216,10
30.07.2015 20:24:39,50.1264927,14.5030742,10
30.07.2015 21:28:18,50.1262228,14.5037545,10
30.07.2015 22:33:04,50.1255108,14.5039038,10
30.07.2015 23:35:07,50.1265245,14.5035816,10
31.07.2015 00:38:22,50.1267083,14.5034324,10
31.07.2015 01:43:18,50.1267083,14.5034324,10
31.07.2015 02:48:32,50.1263756,14.5035838,10
31.07.2015 03:48:33,50.126655,14.5036377,10
31.07.2015 04:48:34,50.126655,14.5036377,10
31.07.2015 05:48:35,50.1256796,14.5039429,10
31.07.2015 06:49:36,50.1046778,14.4494895,1
31.07.2015 07:50:05,50.1047309,14.4494434,1
31.07.2015 08:50:24,50.1047011,14.4494533,1
31.07.2015 09:51:10,50.1025447,14.4453364,0
31.07.2015 10:53:52,50.1010258,14.4428384,0
31.07.2015 11:56:20,50.1046521,14.4494116,1
31.07.2015 13:00:06,50.1046475,14.4494911,1
31.07.2015 14:03:07,50.1046473,14.4494865,1
31.07.2015 15:03:43,50.1076252,14.4433789,0
31.07.2015 16:03:56,50.126361,14.5030526,10
31.07.2015 17:06:31,50.126361,14.5030526,10
31.07.2015 18:10:02,50.126361,14.5030526,10
31.07.2015 19:13:18,50.126361,14.5030526,10
31.07.2015 20:14:34,50.126361,14.5030526,10
31.07.2015 21:18:19,50.126361,14.5030526,10
31.07.2015 22:18:21,50.126361,14.5030526,10
31.07.2015 23:18:36,50.1262485,14.5036456,10
01.08.2015 00:19:03,50.1262485,14.5036456,10
01.08.2015 01:23:26,50.1262485,14.5036456,10
01.08.2015 02:26:17,50.1262485,14.5036456,10
01.08.2015 03:28:49,50.1262485,14.5036456,10
01.08.2015 04:31:44,50.1262485,14.5036456,10
01.08.2015 05:34:24,50.1262485,14.5036456,10
01.08.2015 06:37:51,50.1262485,14.5036456,10
01.08.2015 07:41:58,50.1262485,14.5036456,10
01.08.2015 08:45:50,50.1262485,14.5036456,10
01.08.2015 09:49:12,50.1269032,14.5035114,10
01.08.2015 10:53:21,50.1269964,14.5030115,10
01.08.2015 11:58:18,50.1269964,14.5030115,10
01.08.2015 12:58:18,50.1269964,14.5030115,10
01.08.2015 13:59:21,50.1268428,14.5021839,10
01.08.2015 15:01:43,50.1267098,14.5029282,10
01.08.2015 16:06:10,50.1267098,14.5029282,10
01.08.2015 17:09:52,50.1267098,14.5029282,10
01.08.2015 18:12:36,50.1267098,14.5029282,10
01.08.2015 19:15:22,50.1263118,14.5038698,10
01.08.2015 20:16:56,50.1263118,14.5038698,10
01.08.2015 21:20:46,50.1263118,14.5038698,10
01.08.2015 22:23:07,50.1263118,14.5038698,10
01.08.2015 23:25:18,50.1264717,14.5032982,10
02.08.2015 00:28:34,50.1268994,14.503353,10
02.08.2015 01:33:05,50.1268994,14.503353,10
02.08.2015 02:35:48,50.1268994,14.503353,10
02.08.2015 03:38:41,50.1268994,14.503353,10
02.08.2015 04:42:01,50.1268994,14.503353,10
02.08.2015 05:45:36,50.1261293,14.503971,10
02.08.2015 06:48:16,50.1261293,14.503971,10
02.08.2015 07:52:11,50.1261293,14.503971,10
02.08.2015 08:56:59,50.1261293,14.503971,10
02.08.2015 09:57:00,50.1261293,14.503971,10
02.08.2015 10:58:59,50.1262399,14.5034996,10
02.08.2015 12:03:06,50.1262399,14.5034996,10
02.08.2015 13:05:10,50.1262399,14.5034996,10
02.08.2015 14:07:52,50.1262399,14.5034996,10
02.08.2015 15:10:12,50.1265086,14.5037035,10
02.08.2015 16:12:41,50.1265086,14.5037035,10
02.08.2015 17:14:57,50.1265086,14.5037035,10
02.08.2015 18:17:25,50.1265086,14.5037035,10
02.08.2015 19:21:28,50.1267045,14.5031503,10
02.08.2015 20:23:50,50.1259581,14.5034814,10
02.08.2015 21:23:52,50.1259581,14.5034814,10
02.08.2015 22:23:54,50.1259581,14.5034814,10
02.08.2015 23:28:18,50.1259581,14.5034814,10
03.08.2015 00:30:26,50.1259581,14.5034814,10
03.08.2015 01:33:04,50.1264505,14.5034172,10
03.08.2015 02:33:05,50.1264505,14.5034172,10
03.08.2015 03:33:37,50.1264505,14.5034172,10
03.08.2015 04:36:29,50.1264505,14.5034172,10
03.08.2015 05:38:53,50.1263799,14.5032841,10
03.08.2015 06:39:05,50.1077429,14.4434087,0
03.08.2015 07:44:41,50.1047608,14.4494582,1
03.08.2015 08:45:49,50.1046369,14.4493186,1
03.08.2015 09:45:59,50.1046975,14.4494146,1
03.08.2015 10:46:49,50.1068217,14.4531823,8
03.08.2015 11:47:05,50.1047648,14.4493977,1
03.08.2015 12:49:04,50.1046053,14.4493191,1
03.08.2015 13:52:14,50.1046469,14.4494863,1
03.08.2015 14:52:42,50.1046856,14.4493847,1
03.08.2015 15:52:46,50.1047552,14.4497517,1
03.08.2015 16:52:58,50.1265691,14.5032938,10
03.08.2015 17:55:32,50.1264127,14.5030417,10
03.08.2015 18:57:14,50.1264127,14.5030417,10
03.08.2015 20:00:47,50.1264127,14.5030417,10
03.08.2015 21:04:16,50.1264127,14.5030417,10
03.08.2015 22:06:30,50.1260466,14.5034323,10
03.08.2015 23:07:27,50.1260466,14.5034323,10
04.08.2015 00:10:24,50.1260466,14.5034323,10
04.08.2015 01:12:42,50.1260466,14.5034323,10
04.08.2015 02:15:07,50.1260466,14.5034323,10
04.08.2015 03:17:21,50.1263305,14.5026811,10
04.08.2015 04:17:54,50.1263305,14.5026811,10
04.08.2015 05:22:10,50.1263305,14.5026811,10
04.08.2015 06:23:14,50.1038489,14.5565754,0
04.08.2015 07:25:18,50.1036896,14.5565571,0
04.08.2015 08:25:49,50.1109163,14.4998967,0
04.08.2015 09:26:23,50.1046475,14.4494863,1
04.08.2015 10:26:53,50.1054477,14.4506758,7
04.08.2015 11:29:42,50.104674,14.4493491,1
04.08.2015 12:30:50,50.1046117,14.4495453,1
04.08.2015 13:34:59,50.1046482,14.449486,1
04.08.2015 14:37:50,50.1047769,14.4494075,1
04.08.2015 15:38:25,50.1081045,14.4419705,0
04.08.2015 16:38:28,50.1292394,14.4959785,0
04.08.2015 17:38:45,50.1287661,14.4989851,12
04.08.2015 18:42:54,50.1287306,14.4991179,12
04.08.2015 19:46:38,50.1292043,14.495925,0
04.08.2015 20:49:31,50.1263233,14.5024336,10
04.08.2015 21:52:13,50.1263233,14.5024336,10
04.08.2015 22:53:29,50.1263233,14.5024336,10
04.08.2015 23:58:18,50.1263233,14.5024336,10
05.08.2015 01:03:38,50.1263233,14.5024336,10
05.08.2015 02:07:52,50.1263233,14.5024336,10
05.08.2015 03:10:17,50.1263233,14.5024336,10
05.08.2015 04:13:18,50.1263233,14.5024336,10
05.08.2015 05:16:12,50.1263233,14.5024336,10
05.08.2015 06:19:15,50.1263233,14.5024336,10
05.08.2015 07:21:43,50.1047672,14.4494609,1
05.08.2015 08:26:12,50.1047672,14.4494167,1
05.08.2015 09:29:35,50.1046611,14.4493675,1
05.08.2015 10:30:06,50.1026054,14.4454206,0
05.08.2015 11:32:10,50.104647,14.4494866,1
05.08.2015 12:35:07,50.1047427,14.4494062,1
05.08.2015 13:35:33,50.1046475,14.4494886,1
05.08.2015 14:39:13,50.1046624,14.4494399,1
05.08.2015 15:40:07,50.1081347,14.4438839,0
05.08.2015 16:40:36,50.1264341,14.5030981,10
05.08.2015 17:43:19,50.1264341,14.5030981,10
05.08.2015 18:44:18,50.1183615,15.1215392,0
05.08.2015 19:45:03,50.2718093,15.8524628,0
05.08.2015 20:45:43,50.2349097,15.851384,0
10.08.2015 07:05:14,50.1265895,14.5035555,10
10.08.2015 08:07:37,50.1081614,14.4410147,9
10.08.2015 09:09:19,50.1047086,14.4494412,1
10.08.2015 10:10:09,50.10709,14.4529399,8
10.08.2015 11:10:37,50.1047841,14.449464,1
10.08.2015 12:13:49,50.104728,14.4494749,1
10.08.2015 13:18:06,50.1047257,14.4494746,1
10.08.2015 14:19:27,50.1046868,14.4493514,1
10.08.2015 15:21:51,50.1046616,14.449258,1
10.08.2015 16:22:36,50.1237759,14.4854049,0
10.08.2015 17:23:14,50.1094687,14.519593,0
10.08.2015 18:28:18,50.112649,14.5288175,0
10.08.2015 19:31:16,50.112649,14.5288175,0
10.08.2015 20:31:37,50.112649,14.5288175,0
10.08.2015 21:34:18,50.112649,14.5288175,0
10.08.2015 22:38:10,50.112649,14.5288175,0
10.08.2015 23:41:24,50.112649,14.5288175,0
11.08.2015 00:45:10,50.112649,14.5288175,0
11.08.2015 01:47:26,50.112649,14.5288175,0
11.08.2015 02:49:53,50.112649,14.5288175,0
11.08.2015 03:52:51,50.112649,14.5288175,0
11.08.2015 04:55:11,50.112649,14.5288175,0
11.08.2015 05:58:18,50.112649,14.5288175,0
11.08.2015 06:58:56,50.1076207,14.4476873,0
11.08.2015 08:03:23,50.1047407,14.4494358,1
11.08.2015 09:07:24,50.1047263,14.4494747,1
11.08.2015 10:09:46,50.1047263,14.4494747,1
11.08.2015 11:10:34,50.1018313,14.4392387,0
11.08.2015 12:14:22,50.1018313,14.4392387,0
11.08.2015 13:18:47,50.1047793,14.4495125,1
11.08.2015 14:22:08,50.1047633,14.4493371,1
11.08.2015 15:24:48,50.1047633,14.4493371,1
11.08.2015 16:25:07,50.1175572,14.4591685,0
11.08.2015 17:26:38,50.1265918,14.5036768,10
11.08.2015 18:28:52,50.1265918,14.5036768,10
11.08.2015 19:31:40,50.1265918,14.5036768,10
11.08.2015 20:34:22,50.1265918,14.5036768,10
11.08.2015 21:38:24,50.1265918,14.5036768,10
11.08.2015 22:41:30,50.1265918,14.5036768,10
11.08.2015 23:43:50,50.1265918,14.5036768,10
12.08.2015 00:46:25,50.1265918,14.5036768,10
12.08.2015 01:48:43,50.1265918,14.5036768,10
12.08.2015 02:51:40,50.1265918,14.5036768,10
12.08.2015 03:54:39,50.1265918,14.5036768,10
12.08.2015 04:57:38,50.1265918,14.5036768,10
12.08.2015 06:01:59,50.1265918,14.5036768,10
12.08.2015 07:02:02,50.1074197,14.4478432,0
12.08.2015 08:04:24,50.1047261,14.4494745,1
12.08.2015 09:05:41,50.1047769,14.4494055,1
12.08.2015 10:05:47,50.1047617,14.4495119,1
12.08.2015 11:09:27,50.1047229,14.4493252,1
12.08.2015 12:10:40,50.1048081,14.4493587,1
12.08.2015 13:11:39,50.1047781,14.4493845,1
12.08.2015 14:14:20,50.1047774,14.449371,1
12.08.2015 15:15:57,50.1047921,14.4493715,1
12.08.2015 16:16:47,50.1000139,14.4490342,0
12.08.2015 17:17:37,50.1264887,14.5019418,10
12.08.2015 18:17:42,50.1266567,14.5035139,10
12.08.2015 19:21:09,50.1266567,14.5035139,10
12.08.2015 20:22:20,50.1266564,14.5035144,10
12.08.2015 21:24:32,50.1263355,14.5035913,10
12.08.2015 22:26:59,50.1263355,14.5035913,10
12.08.2015 23:30:33,50.1271787,14.5039873,10
13.08.2015 00:33:36,50.1271787,14.5039873,10
13.08.2015 01:35:49,50.1271787,14.5039873,10
13.08.2015 02:39:05,50.1266501,14.5036585,10
13.08.2015 03:43:18,50.1266501,14.5036585,10
13.08.2015 04:43:19,50.1266501,14.5036585,10
13.08.2015 05:47:27,50.1266583,14.5035174,10
13.08.2015 06:47:38,50.1266814,14.4888326,11
13.08.2015 07:48:36,50.1047725,14.4495151,1
13.08.2015 08:49:19,50.104736,14.4493957,1
13.08.2015 09:54:06,50.1047377,14.4493216,1
13.08.2015 10:56:25,50.1031642,14.4481638,2
13.08.2015 11:56:56,50.1047927,14.4493361,1
13.08.2015 12:58:18,50.1048405,14.4495487,1
13.08.2015 13:58:27,50.1047588,14.4493431,1
13.08.2015 15:01:31,50.1048424,14.4495494,1
13.08.2015 16:01:36,50.1241519,14.5120606,0
13.08.2015 17:02:29,50.1918649,15.7761028,0
13.08.2015 18:02:33,50.399757,15.8864171,0
13.08.2015 19:04:11,50.4016781,15.886565,0
13.08.2015 20:04:42,50.3155249,15.8676067,0
13.08.2015 21:04:51,50.1121221,14.6769676,0
13.08.2015 22:07:51,50.1105177,14.4788422,0
13.08.2015 23:10:19,50.1105177,14.4788422,0
14.08.2015 00:13:50,50.1265906,14.5033917,10
14.08.2015 01:14:38,50.1265091,14.5033564,10
14.08.2015 02:18:23,50.1265091,14.5033564,10
14.08.2015 03:21:16,50.1265091,14.5033564,10
14.08.2015 04:24:36,50.1265091,14.5033564,10
14.08.2015 05:27:38,50.1263658,14.5037523,10
14.08.2015 06:30:04,50.1263658,14.5037523,10
14.08.2015 07:33:04,50.1047261,14.4494743,1
14.08.2015 08:37:03,50.1047299,14.4493789,1
14.08.2015 09:37:25,50.1047612,14.4493458,1
14.08.2015 10:38:33,50.1055288,14.4507354,7
14.08.2015 11:38:39,50.1047604,14.4493327,1
14.08.2015 12:39:11,50.1046868,14.4492632,1
14.08.2015 13:42:40,50.1048062,14.4495125,1
14.08.2015 14:43:21,50.104263,14.4534423,5
14.08.2015 15:43:30,49.781006,14.6754799,0
14.08.2015 16:46:11,49.0060215,14.4872102,0
17.08.2015 06:14:13,50.126657,14.5035162,10
17.08.2015 07:18:42,50.1048408,14.4495479,1
17.08.2015 08:19:57,50.1046558,14.4493032,1
17.08.2015 09:23:37,50.1047266,14.449479,1
17.08.2015 10:25:39,50.1046783,14.4492774,1
17.08.2015 11:26:46,50.1047262,14.4494747,1
17.08.2015 12:28:53,50.1047611,14.449408,1
17.08.2015 13:33:33,50.1046989,14.4493808,1
17.08.2015 14:33:58,50.1047762,14.4495144,1
17.08.2015 15:37:49,50.1047558,14.4493884,1
17.08.2015 16:38:30,50.1266842,14.4891223,11
17.08.2015 17:40:04,50.125019,14.5047073,10
17.08.2015 18:43:22,50.125019,14.5047073,10
17.08.2015 19:46:49,50.1262304,14.5035445,10
17.08.2015 20:47:46,50.1266557,14.5035163,10
17.08.2015 21:50:44,50.1266557,14.5035163,10
17.08.2015 22:53:09,50.1266557,14.5035163,10
17.08.2015 23:55:32,50.1266557,14.5035163,10
18.08.2015 00:58:36,50.1266557,14.5035163,10
18.08.2015 02:02:45,50.1266557,14.5035163,10
18.08.2015 03:05:42,50.1266557,14.5035163,10
18.08.2015 04:08:30,50.1266557,14.5035163,10
18.08.2015 05:11:03,50.1266557,14.5035163,10
18.08.2015 06:14:38,50.126617,14.503441,10
18.08.2015 07:22:25,50.1046782,14.4492403,1
18.08.2015 08:23:38,50.1047266,14.449479,1
18.08.2015 09:27:15,50.1046001,14.4490688,1
18.08.2015 10:27:54,50.1054857,14.4507141,7
18.08.2015 11:28:47,50.1047716,14.4494219,1
18.08.2015 12:28:53,50.1047263,14.4494744,1
18.08.2015 13:33:09,50.1048417,14.4495484,1
18.08.2015 14:34:36,50.1048417,14.4495484,1
18.08.2015 15:37:36,50.1046825,14.44936,1
18.08.2015 16:38:32,50.1237838,14.4852223,0
18.08.2015 17:39:37,50.13528,14.5002894,13
18.08.2015 18:41:22,50.1307937,14.5018196,0
18.08.2015 19:43:35,50.1307937,14.5018196,0
18.08.2015 20:46:41,50.1307937,14.5018196,0
18.08.2015 21:48:54,50.1307937,14.5018196,0
18.08.2015 22:51:30,50.1307937,14.5018196,0
18.08.2015 23:53:35,50.126558,14.5035537,10
19.08.2015 00:57:01,50.126558,14.5035537,10
19.08.2015 01:59:04,50.126558,14.5035537,10
19.08.2015 03:03:02,50.126558,14.5035537,10
19.08.2015 04:03:07,50.126558,14.5035537,10
19.08.2015 05:07:06,50.126558,14.5035537,10
19.08.2015 06:09:44,50.126558,14.5035537,10
19.08.2015 07:09:55,50.1046748,14.4493475,1
19.08.2015 08:13:49,50.104759,14.4494217,1
19.08.2015 09:17:16,50.104753,14.4492939,1
19.08.2015 10:18:12,50.1047254,14.4494742,1
19.08.2015 11:20:49,50.1032149,14.448584,0
19.08.2015 12:21:27,50.104716,14.4493335,1
19.08.2015 13:24:22,50.104716,14.4493335,1
19.08.2015 14:24:46,50.104716,14.4493335,1
19.08.2015 15:25:31,50.104768,14.4496783,1
19.08.2015 16:30:00,50.126604,14.5032356,10
19.08.2015 17:31:00,50.126604,14.5032356,10
19.08.2015 18:33:35,50.126604,14.5032356,10
19.08.2015 19:36:05,50.126604,14.5032356,10
19.08.2015 20:37:02,50.126604,14.5032356,10
19.08.2015 21:41:07,50.126604,14.5032356,10
19.08.2015 22:43:48,50.126604,14.5032356,10
19.08.2015 23:45:57,50.126604,14.5032356,10
20.08.2015 00:50:23,50.126604,14.5032356,10
20.08.2015 01:52:51,50.126604,14.5032356,10
20.08.2015 02:56:32,50.126604,14.5032356,10
20.08.2015 03:56:32,50.126604,14.5032356,10
20.08.2015 04:56:32,50.126604,14.5032356,10
20.08.2015 05:57:37,50.125842,14.5027655,10
20.08.2015 06:58:32,50.107386,14.4432812,0
20.08.2015 08:01:28,50.1047749,14.4494389,1
20.08.2015 09:01:34,50.1047275,14.4494355,1
20.08.2015 10:01:45,50.1048405,14.4494603,1
20.08.2015 11:02:41,50.1054312,14.450806,7
20.08.2015 12:04:03,50.1047877,14.4493891,1
20.08.2015 13:06:12,50.1047868,14.4495192,1
20.08.2015 14:08:36,50.1047275,14.4493108,1
20.08.2015 15:11:56,50.104823,14.4494389,1
20.08.2015 16:13:11,50.1237591,14.4853261,0
20.08.2015 17:16:15,50.1257223,14.5028456,10
20.08.2015 18:18:28,50.1257223,14.5028456,10
20.08.2015 19:18:56,50.1257223,14.5028456,10
20.08.2015 20:20:03,50.1262987,14.503346,10
20.08.2015 21:21:43,50.1267683,14.5032264,10
20.08.2015 22:24:10,50.1267683,14.5032264,10
20.08.2015 23:26:47,50.1267683,14.5032264,10
21.08.2015 00:30:04,50.1268276,14.5032882,10
21.08.2015 01:32:21,50.1259755,14.5036751,10
21.08.2015 02:35:46,50.1259755,14.5036751,10
21.08.2015 03:38:17,50.1259755,14.5036751,10
21.08.2015 04:40:54,50.1259755,14.5036751,10
21.08.2015 05:41:12,50.1265343,14.5033287,10
21.08.2015 06:41:16,50.1308097,14.5018076,0
21.08.2015 07:43:53,50.1045282,14.4496459,1
21.08.2015 08:44:34,50.1045282,14.4496459,1
21.08.2015 09:47:35,50.1045282,14.4496459,1
21.08.2015 10:51:15,50.104804,14.4494912,1
21.08.2015 11:51:44,50.1047103,14.4492641,1
21.08.2015 12:52:44,50.104747,14.4496527,1
21.08.2015 13:54:39,50.1047028,14.4492913,1
21.08.2015 14:55:34,50.1006602,14.4465698,0
21.08.2015 15:56:07,50.1263785,14.5021486,10
21.08.2015 16:59:44,50.1260126,14.5027026,10
21.08.2015 17:59:47,50.0852118,14.5374339,0
21.08.2015 19:04:40,49.4742255,14.6589016,0
21.08.2015 20:08:45,49.1847051,14.7241839,0
21.08.2015 21:12:30,49.1847051,14.7241839,0
21.08.2015 22:13:14,49.1838138,14.7257133,28
21.08.2015 23:14:09,49.1838141,14.7257132,28
22.08.2015 00:15:23,49.0972093,14.7232997,0
22.08.2015 01:18:18,49.0972093,14.7232997,0
22.08.2015 02:18:22,49.0972093,14.7232997,0
22.08.2015 03:18:23,49.0972093,14.7232997,0
22.08.2015 04:22:50,49.0972093,14.7232997,0
22.08.2015 05:24:56,49.0972093,14.7232997,0
22.08.2015 06:28:18,49.0972093,14.7232997,0
22.08.2015 07:29:51,49.1838141,14.7257134,28
22.08.2015 08:33:16,49.1838141,14.7257134,28
22.08.2015 09:33:16,49.1838141,14.7257134,28
22.08.2015 10:33:16,49.0972093,14.7232997,0
22.08.2015 11:38:02,49.183813,14.725715,28
22.08.2015 12:41:59,49.183813,14.725715,28
22.08.2015 13:44:12,49.1847051,14.7241839,0
22.08.2015 14:48:04,49.1847032,14.7241833,0
22.08.2015 15:49:38,49.8613933,14.6984382,0
22.08.2015 16:50:01,50.1263984,14.5035767,10
22.08.2015 17:53:44,50.1264501,14.5035733,10
22.08.2015 18:55:36,50.1264423,14.5035748,10
22.08.2015 19:58:18,50.1264423,14.5035748,10
22.08.2015 21:00:29,50.1264423,14.5035748,10
22.08.2015 22:03:29,50.1264423,14.5035748,10
22.08.2015 23:03:36,50.1264423,14.5035748,10
23.08.2015 00:07:10,50.1264423,14.5035748,10
23.08.2015 01:09:36,50.1264423,14.5035748,10
23.08.2015 02:13:49,50.1264423,14.5035748,10
23.08.2015 03:18:04,50.1264423,14.5035748,10
23.08.2015 04:20:48,50.1264423,14.5035748,10
23.08.2015 05:23:40,50.1264423,14.5035748,10
23.08.2015 06:23:44,50.1264423,14.5035748,10
23.08.2015 07:26:00,50.1264423,14.5035748,10
23.08.2015 08:28:50,50.1264423,14.5035748,10
23.08.2015 09:31:14,50.1264423,14.5035748,10
23.08.2015 10:34:21,50.1264423,14.5035748,10
23.08.2015 11:38:20,50.1264423,14.5035748,10
23.08.2015 12:40:35,50.1264423,14.5035748,10
23.08.2015 13:43:18,50.1264423,14.5035748,10
23.08.2015 14:45:47,50.1264423,14.5035748,10
23.08.2015 15:48:45,50.1264423,14.5035748,10
23.08.2015 16:50:49,50.1264423,14.5035748,10
23.08.2015 17:53:29,50.1264423,14.5035748,10
23.08.2015 18:56:29,50.1264423,14.5035748,10
23.08.2015 20:03:02,50.1264423,14.5035748,10
23.08.2015 21:05:31,50.1264423,14.5035748,10
23.08.2015 22:06:06,50.126485,14.5034139,10
23.08.2015 23:08:15,50.126485,14.5034139,10
24.08.2015 00:11:02,50.126485,14.5034139,10
24.08.2015 01:14:19,50.126907,14.5036411,10
24.08.2015 02:17:14,50.126907,14.5036411,10
24.08.2015 03:19:51,50.126907,14.5036411,10
24.08.2015 04:23:43,50.126907,14.5036411,10
24.08.2015 05:28:18,50.126907,14.5036411,10
24.08.2015 06:29:04,50.1263671,14.5049944,10
24.08.2015 07:29:50,50.104821,14.4494617,1
24.08.2015 08:29:51,50.1047417,14.4494095,1
24.08.2015 09:30:29,50.104804,14.4494907,1
24.08.2015 10:32:25,50.1048035,14.4494902,1
24.08.2015 11:33:02,50.1047837,14.449389,1
24.08.2015 12:33:36,50.1046341,14.4491875,1
24.08.2015 13:34:31,50.1047342,14.449351,1
24.08.2015 14:36:29,50.1048197,14.449462,1
24.08.2015 15:36:30,50.106076,14.4498354,0
24.08.2015 16:37:29,50.124995,14.4858935,0
24.08.2015 17:39:25,50.1225346,14.4857631,0
24.08.2015 18:42:34,50.1225346,14.4857631,0
24.08.2015 19:47:13,50.1225346,14.4857631,0
24.08.2015 20:47:27,50.126349,14.5015159,0
24.08.2015 21:50:22,50.1261612,14.5037561,10
24.08.2015 22:53:21,50.1261612,14.5037561,10
24.08.2015 23:56:44,50.1261612,14.5037561,10
25.08.2015 01:00:14,50.1261612,14.5037561,10
25.08.2015 02:00:14,50.1261612,14.5037561,10
25.08.2015 03:04:20,50.1265305,14.5035913,10
25.08.2015 04:08:52,50.1265305,14.5035913,10
25.08.2015 05:11:10,50.1264917,14.5035341,10
25.08.2015 06:11:32,50.1250258,14.5048401,10
25.08.2015 07:12:17,50.1048719,14.4495406,1
25.08.2015 08:16:37,50.1048719,14.4495406,1
25.08.2015 09:18:00,50.1047384,14.4493758,1
25.08.2015 10:18:20,50.1040489,14.4493576,0
25.08.2015 11:18:58,50.1048087,14.4496519,1
25.08.2015 12:23:13,50.104804,14.4494908,1
25.08.2015 13:26:25,50.1048198,14.4494623,1
25.08.2015 14:26:43,50.1048198,14.4494623,1
25.08.2015 15:27:15,50.1047645,14.4496845,1
25.08.2015 16:29:42,50.1302198,14.496644,0
25.08.2015 17:29:58,50.130342,14.4970683,0
25.08.2015 18:32:15,50.1263093,14.5028652,10
25.08.2015 19:33:16,50.1263093,14.5028652,10
25.08.2015 20:36:20,50.1263093,14.5028652,10
25.08.2015 21:38:55,50.1263093,14.5028652,10
25.08.2015 22:42:29,50.1263408,14.5038301,10
25.08.2015 23:45:00,50.1263408,14.5038301,10
26.08.2015 00:48:05,50.1263408,14.5038301,10
26.08.2015 01:51:07,50.1263408,14.5038301,10
26.08.2015 02:54:44,50.1263408,14.5038301,10
26.08.2015 03:58:19,50.1263972,14.5035387,10
26.08.2015 05:00:34,50.1263972,14.5035387,10
26.08.2015 06:02:42,50.1262573,14.5037238,10
26.08.2015 07:03:24,50.0973928,14.437968,0
26.08.2015 08:03:26,50.1048047,14.4494442,1
26.08.2015 09:06:23,50.1048217,14.4494627,1
26.08.2015 10:07:01,50.1047364,14.4493781,1
26.08.2015 11:07:14,50.1048203,14.4494668,1
26.08.2015 12:07:31,50.1048201,14.4494628,1
26.08.2015 13:08:51,50.1048201,14.4494628,1
26.08.2015 14:09:24,50.1048201,14.4494622,1
26.08.2015 15:11:14,50.1048037,14.449491,1
26.08.2015 16:11:57,50.1029622,14.4544776,0
26.08.2015 17:12:18,50.1265304,14.5035905,10
26.08.2015 18:12:32,50.1265304,14.5035905,10
26.08.2015 19:14:50,50.1265304,14.5035905,10
26.08.2015 20:18:05,50.1265304,14.5035905,10
26.08.2015 21:21:35,50.1265302,14.5035912,10
26.08.2015 22:24:37,50.1265302,14.5035912,10
26.08.2015 23:29:18,50.1265302,14.5035912,10
27.08.2015 00:31:46,50.1265302,14.5035912,10
27.08.2015 01:34:11,50.1265302,14.5035912,10
27.08.2015 02:37:11,50.1265302,14.5035912,10
27.08.2015 03:40:19,50.1263188,14.5036348,10
27.08.2015 04:43:22,50.1264708,14.5035714,10
27.08.2015 05:45:43,50.1264708,14.5035714,10
27.08.2015 06:46:24,50.1310204,14.5016318,0
27.08.2015 07:50:36,50.1047877,14.44952,1
27.08.2015 08:52:40,50.1047716,14.4493219,1
27.08.2015 09:52:54,50.1047877,14.4495194,1
27.08.2015 10:53:42,50.104827,14.4495052,1
27.08.2015 11:55:44,50.1047877,14.4495188,1
27.08.2015 12:58:16,50.1047546,14.4493664,1
27.08.2015 14:01:58,50.1047213,14.4492669,1
27.08.2015 15:03:41,50.1048031,14.4494564,1
27.08.2015 16:06:05,50.1026273,14.4454434,0
27.08.2015 17:07:58,50.1026196,14.4454244,0
27.08.2015 18:08:15,50.1025996,14.4454074,0
27.08.2015 19:11:42,50.1026113,14.4454441,0
27.08.2015 20:14:59,50.1026079,14.4454228,0
27.08.2015 21:15:38,50.1025926,14.4453667,0
27.08.2015 22:16:22,50.1026184,14.4454367,0
27.08.2015 23:16:23,50.1079557,14.4437454,0
28.08.2015 00:16:29,50.108092,14.4430361,0
28.08.2015 01:19:24,50.1264261,14.5035025,10
28.08.2015 02:21:36,50.1264697,14.503593,10
28.08.2015 03:24:10,50.1264588,14.5035273,10
28.08.2015 04:27:20,50.126427,14.5035184,10
28.08.2015 05:30:22,50.126468,14.5035268,10
28.08.2015 06:34:48,50.1264658,14.503593,10
28.08.2015 07:37:40,50.1048201,14.4494622,1
28.08.2015 08:38:17,50.1048197,14.4494619,1
28.08.2015 09:38:33,50.1049159,14.4496299,1
28.08.2015 10:40:48,50.1047719,14.4493623,1
28.08.2015 11:41:07,50.1046956,14.449193,1
28.08.2015 12:43:18,50.1047005,14.4492168,1
28.08.2015 13:43:18,50.1048035,14.449382,1
28.08.2015 14:43:51,50.1261097,14.5057464,10
28.08.2015 15:45:54,50.1261097,14.5057464,10
28.08.2015 16:50:28,50.1261097,14.5057464,10
28.08.2015 17:53:01,50.1261097,14.5057464,10
28.08.2015 18:56:16,50.1261097,14.5057464,10
28.08.2015 19:59:43,50.1261097,14.5057464,10
28.08.2015 21:03:59,50.1261097,14.5057464,10
28.08.2015 22:04:05,50.1261097,14.5057464,10
28.08.2015 23:07:36,50.1261097,14.5057464,10
29.08.2015 00:08:21,50.1264318,14.5030709,10
29.08.2015 01:10:39,50.1264318,14.5030709,10
29.08.2015 02:14:34,50.1264318,14.5030709,10
29.08.2015 03:16:13,50.1268476,14.5030047,10
29.08.2015 04:19:16,50.1268476,14.5030047,10
29.08.2015 05:22:14,50.1268476,14.5030047,10
29.08.2015 06:24:44,50.1268476,14.5030047,10
29.08.2015 07:27:38,50.1268476,14.5030047,10
29.08.2015 08:30:16,50.1264982,14.5036647,10
29.08.2015 09:33:58,50.1264982,14.5036647,10
29.08.2015 10:36:28,50.1264982,14.5036647,10
29.08.2015 11:39:23,50.1264982,14.5036647,10
29.08.2015 12:42:30,50.1264982,14.5036647,10
29.08.2015 13:45:30,50.1267105,14.5036382,10
29.08.2015 14:45:37,50.1267105,14.5036382,10
29.08.2015 15:48:07,50.1267105,14.5036382,10
29.08.2015 16:50:34,50.1267105,14.5036382,10
29.08.2015 17:53:23,50.1267105,14.5036382,10
29.08.2015 18:56:18,50.1267105,14.5036382,10
29.08.2015 19:59:22,50.1267105,14.5036382,10
29.08.2015 21:02:33,50.1267105,14.5036382,10
29.08.2015 22:05:46,50.1267105,14.5036382,10
29.08.2015 23:09:26,50.1267105,14.5036382,10
30.08.2015 00:13:33,50.1267105,14.5036382,10
30.08.2015 01:16:46,50.1267105,14.5036382,10
30.08.2015 02:19:50,50.1267105,14.5036382,10
30.08.2015 03:20:32,50.1267105,14.5036382,10
30.08.2015 04:22:52,50.1267105,14.5036382,10
30.08.2015 05:25:30,50.1264878,14.5036601,10
30.08.2015 06:29:22,50.1264878,14.5036601,10
30.08.2015 07:33:03,50.1264878,14.5036601,10
30.08.2015 08:35:50,50.1264878,14.5036601,10
30.08.2015 09:39:15,50.1264878,14.5036601,10
30.08.2015 10:42:39,50.1264878,14.5036601,10
30.08.2015 11:45:15,50.1264878,14.5036601,10
30.08.2015 12:48:05,50.1264878,14.5036601,10
30.08.2015 13:50:18,50.1264878,14.5036601,10
30.08.2015 14:51:32,50.1264878,14.5036601,10
30.08.2015 15:55:29,50.1264878,14.5036601,10
30.08.2015 16:58:19,50.1264878,14.5036601,10
30.08.2015 18:00:48,50.1264878,14.5036601,10
30.08.2015 19:05:14,50.1268267,14.5030692,10
30.08.2015 20:08:00,50.1268267,14.5030692,10
30.08.2015 21:10:35,50.1265373,14.5025898,10
30.08.2015 22:13:49,50.1265373,14.5025898,10
30.08.2015 23:17:12,50.1265373,14.5025898,10
31.08.2015 00:19:47,50.1265373,14.5025898,10
31.08.2015 01:22:13,50.1265373,14.5025898,10
31.08.2015 02:22:50,50.1265373,14.5025898,10
31.08.2015 03:25:05,50.1265373,14.5025898,10
31.08.2015 04:28:19,50.1265373,14.5025898,10
31.08.2015 05:31:06,50.1265373,14.5025898,10
31.08.2015 06:35:47,50.1080969,14.4406491,9
31.08.2015 07:36:32,50.104929,14.4489192,0
31.08.2015 08:38:35,50.1047317,14.44933,1
31.08.2015 09:39:16,50.1047774,14.4492335,1
31.08.2015 10:39:35,50.1069245,14.4531381,8
31.08.2015 11:39:58,50.1047866,14.4493347,1
31.08.2015 12:40:30,50.1047578,14.4495119,1
31.08.2015 13:41:15,50.1047895,14.4493113,1
31.08.2015 14:42:15,50.1047558,14.4492455,1
31.08.2015 15:43:54,50.1047105,14.4491367,1
31.08.2015 16:44:07,50.1231119,14.493556,0
31.08.2015 17:46:09,50.126142,14.4899986,11
31.08.2015 18:49:50,50.1256674,14.4904762,0
31.08.2015 19:53:32,50.1257606,14.4903883,0
31.08.2015 20:54:30,50.1264703,14.5020801,10
31.08.2015 21:54:48,50.1264703,14.5020801,10
31.08.2015 22:58:18,50.1264703,14.5020801,10
01.09.2015 00:01:10,50.1264703,14.5020801,10
01.09.2015 01:04:55,50.1264703,14.5020801,10
01.09.2015 02:07:51,50.1264703,14.5020801,10
01.09.2015 03:09:54,50.1264703,14.5020801,10
01.09.2015 04:12:38,50.1264703,14.5020801,10
01.09.2015 05:15:46,50.1264703,14.5020801,10
01.09.2015 06:18:37,50.1264703,14.5020801,10
01.09.2015 07:18:45,50.1047016,14.4496918,1
01.09.2015 08:21:53,50.1047016,14.4496918,1
01.09.2015 09:25:50,50.1047016,14.4496918,1
01.09.2015 10:28:36,50.1070252,14.4530675,8
01.09.2015 11:29:18,50.1046948,14.4491896,1
01.09.2015 12:30:32,50.1047397,14.4493715,1
01.09.2015 13:30:51,50.1047121,14.4492967,1
01.09.2015 14:35:02,50.1047995,14.4493525,1
01.09.2015 15:35:35,50.0873549,14.4718546,0
01.09.2015 16:38:44,50.0821374,14.4805811,15
01.09.2015 17:39:43,50.0780172,14.4611205,0
01.09.2015 18:43:20,50.0741344,14.4594032,0
01.09.2015 19:43:52,50.0740375,14.4593316,0
01.09.2015 20:43:58,50.0740483,14.4593104,0
01.09.2015 21:44:18,50.1267838,14.4889884,11
01.09.2015 22:44:30,50.1264075,14.5034837,10
01.09.2015 23:47:10,50.1264075,14.5034837,10
02.09.2015 00:51:12,50.1264075,14.5034837,10
02.09.2015 01:53:36,50.1264075,14.5034837,10
02.09.2015 02:57:02,50.1264075,14.5034837,10
02.09.2015 03:59:52,50.1265923,14.5030029,10
02.09.2015 05:02:29,50.1265923,14.5030029,10
02.09.2015 06:04:56,50.1264568,14.5032249,10
02.09.2015 07:08:11,50.1042888,14.4495513,0
02.09.2015 08:08:19,50.1046964,14.4491891,1
02.09.2015 09:12:38,50.1048037,14.4494908,1
02.09.2015 10:13:23,50.103237,14.4485413,0
02.09.2015 11:14:32,50.1047882,14.4493967,1
02.09.2015 12:18:05,50.1047877,14.44952,1
02.09.2015 13:22:42,50.1048389,14.4493445,1
02.09.2015 14:24:50,50.1048268,14.4493861,1
02.09.2015 15:28:18,50.1047096,14.4492564,1
02.09.2015 16:28:48,50.1164852,14.4693643,14
02.09.2015 17:29:24,50.1256873,14.5025993,0
02.09.2015 18:29:36,50.1256873,14.5025993,0
02.09.2015 19:32:55,50.1256873,14.5025993,0
02.09.2015 20:35:27,50.1256873,14.5025993,0
02.09.2015 21:39:39,50.1268523,14.5030484,10
02.09.2015 22:42:38,50.1268523,14.5030484,10
02.09.2015 23:45:52,50.1264499,14.5034646,10
03.09.2015 00:49:28,50.1263073,14.5031358,10
03.09.2015 01:52:49,50.1263073,14.5031358,10
03.09.2015 02:55:18,50.1263073,14.5031358,10
03.09.2015 03:58:49,50.1271043,14.5040124,10
03.09.2015 04:58:53,50.126487,14.503643,10
03.09.2015 05:59:10,50.0999001,14.4360977,0
03.09.2015 07:02:12,50.1001015,14.4348346,0
03.09.2015 08:07:24,50.1048197,14.4494619,1
03.09.2015 09:08:08,50.1048203,14.449462,1
03.09.2015 10:09:00,50.1047764,14.449442,1
03.09.2015 11:10:36,50.1047898,14.4493734,1
03.09.2015 12:13:18,50.1047514,14.4493868,1
03.09.2015 13:18:03,50.1048272,14.4493728,1
03.09.2015 14:19:33,50.1048272,14.4493728,1
03.09.2015 15:23:27,50.1048043,14.4493048,1
03.09.2015 16:27:42,50.1265317,14.5035938,10
03.09.2015 17:28:32,50.1277404,14.4837944,0
03.09.2015 18:29:02,50.1310172,14.5015513,0
03.09.2015 19:32:03,50.1271316,14.5032576,10
03.09.2015 20:38:06,50.1262818,14.5033617,10
03.09.2015 21:41:28,50.1262818,14.5033617,10
03.09.2015 22:45:17,50.1262818,14.5033617,10
03.09.2015 23:48:55,50.1262818,14.5033617,10
04.09.2015 00:51:43,50.1262714,14.5035042,10
04.09.2015 01:55:11,50.1262714,14.5035042,10
04.09.2015 02:57:37,50.1262714,14.5035042,10
04.09.2015 04:00:39,50.1262714,14.5035042,10
04.09.2015 05:03:22,50.1262714,14.5035042,10
04.09.2015 06:04:15,50.1265132,14.5035517,10
04.09.2015 07:07:13,50.1047337,14.4492884,1
04.09.2015 08:13:48,50.1047407,14.4493569,1
04.09.2015 09:15:02,50.1047786,14.4494092,1
04.09.2015 10:15:25,50.1049699,14.4495533,1
04.09.2015 11:16:21,50.104784,14.4494358,1
04.09.2015 12:18:50,50.1048152,14.4494516,1
04.09.2015 13:19:00,50.1022,14.4998462,0
06.09.2015 20:15:28,50.1264941,14.5035213,10
06.09.2015 21:15:59,50.1264808,14.5034994,10
06.09.2015 22:18:32,50.1264643,14.5034494,10
06.09.2015 23:20:54,50.1264642,14.5034827,10
07.09.2015 00:23:16,50.126482,14.5035282,10
07.09.2015 01:26:08,50.1264504,14.5034719,10
07.09.2015 02:28:55,50.1264686,14.5034145,10
07.09.2015 03:33:11,50.1264555,14.5034687,10
07.09.2015 04:36:02,50.1264948,14.5034732,10
07.09.2015 05:38:30,50.1264558,14.50359,10
07.09.2015 06:42:06,50.1264171,14.5035415,10
07.09.2015 07:44:48,50.1212238,14.5042768,0
07.09.2015 08:45:09,50.0851119,14.4702432,0
07.09.2015 09:48:16,50.10488,14.4494391,1
07.09.2015 10:49:28,50.1070117,14.4528689,8
07.09.2015 11:50:12,50.1047401,14.4493306,1
07.09.2015 12:51:31,50.1047489,14.4493019,1
07.09.2015 13:54:04,50.1048197,14.4494622,1
07.09.2015 14:54:30,50.1047962,14.4493019,1
07.09.2015 15:56:53,50.1047962,14.4493019,1
07.09.2015 17:01:12,50.1039839,14.5276031,0
07.09.2015 18:03:44,50.1034645,14.4502524,0
07.09.2015 19:05:46,50.1034645,14.4502524,0
07.09.2015 20:09:53,50.1034645,14.4502524,0
07.09.2015 21:13:32,50.1034661,14.450255,0
07.09.2015 22:16:09,50.1034661,14.450255,0
07.09.2015 23:18:38,50.1034661,14.450255,0
08.09.2015 00:23:00,50.1034661,14.450255,0
08.09.2015 01:26:19,50.1034661,14.450255,0
08.09.2015 02:30:22,50.1034661,14.450255,0
08.09.2015 03:33:47,50.1034661,14.450255,0
08.09.2015 04:38:19,50.1034661,14.450255,0
08.09.2015 05:41:33,50.1034661,14.450255,0
08.09.2015 06:42:00,50.1266179,14.501654,10
08.09.2015 07:46:03,50.1048094,14.4492649,1
08.09.2015 08:48:06,50.10483,14.4494068,1
08.09.2015 09:49:15,50.104804,14.4494909,1
08.09.2015 10:51:15,50.1036682,14.4495398,0
08.09.2015 11:54:59,50.1047537,14.4492279,1
08.09.2015 12:55:33,50.1047537,14.4492279,1
08.09.2015 13:55:49,50.1047816,14.4494029,1
08.09.2015 14:56:44,50.1047309,14.4494755,1
08.09.2015 16:00:09,50.0821359,14.4806023,15
08.09.2015 17:03:02,50.0821543,14.4805969,15
08.09.2015 18:03:20,50.1262479,14.5028215,10
08.09.2015 19:03:57,50.1262479,14.5028215,10
08.09.2015 20:05:51,50.1265305,14.5035917,10
08.09.2015 21:06:44,50.1260049,14.5037767,10
08.09.2015 22:08:37,50.1260049,14.5037767,10
08.09.2015 23:11:56,50.1260049,14.5037767,10
09.09.2015 00:14:10,50.1260049,14.5037767,10
09.09.2015 01:16:42,50.1260049,14.5037767,10
09.09.2015 02:20:05,50.1262448,14.5031553,10
09.09.2015 03:20:13,50.1262448,14.5031553,10
09.09.2015 04:23:32,50.1262448,14.5031553,10
09.09.2015 05:26:13,50.126532,14.503594,10
09.09.2015 06:26:44,50.1263223,14.5022418,10
09.09.2015 07:27:01,50.1047779,14.4492812,1
09.09.2015 08:27:44,50.1047641,14.449389,1
09.09.2015 09:28:09,50.1047497,14.4493769,1
09.09.2015 10:29:57,50.1054488,14.4507146,7
09.09.2015 11:30:19,50.1050889,14.4498481,1
09.09.2015 12:32:06,50.1047983,14.4493802,1
09.09.2015 13:32:43,50.1047806,14.4493391,1
09.09.2015 14:33:42,50.1047533,14.4494195,1
09.09.2015 15:35:04,50.1047839,14.4494056,1
09.09.2015 16:36:44,50.1047699,14.4492926,1
09.09.2015 17:37:36,50.1264613,14.5034124,10
09.09.2015 18:41:01,50.1264613,14.5034124,10
09.09.2015 19:43:19,50.1264613,14.5034124,10
09.09.2015 20:44:25,50.1264613,14.5034124,10
09.09.2015 21:46:45,50.1264613,14.5034124,10
09.09.2015 22:47:51,50.126442,14.503447,10
09.09.2015 23:48:39,50.1264459,14.5035179,10
10.09.2015 00:53:18,50.1264459,14.5035179,10
10.09.2015 01:58:16,50.1264459,14.5035179,10
10.09.2015 03:00:39,50.1264459,14.5035179,10
10.09.2015 04:03:33,50.1264459,14.5035179,10
10.09.2015 05:06:25,50.1264459,14.5035179,10
10.09.2015 06:08:25,50.1264459,14.5035179,10
10.09.2015 07:08:59,50.126337,14.5035929,10
10.09.2015 08:11:55,50.1047717,14.4493647,1
10.09.2015 09:12:19,50.1047655,14.449386,1
10.09.2015 10:12:51,50.1047743,14.4492527,1
10.09.2015 11:14:14,50.1047462,14.4492744,1
10.09.2015 12:16:42,50.1048056,14.4494937,1
10.09.2015 13:20:14,50.1048037,14.449491,1
10.09.2015 14:23:59,50.1047877,14.4495194,1
10.09.2015 15:25:46,50.1047858,14.4493651,1
10.09.2015 16:26:25,50.1262254,14.5039814,10
10.09.2015 17:26:27,50.1309588,14.5016263,0
10.09.2015 18:28:19,50.1309588,14.5016263,0
10.09.2015 19:31:01,50.1309588,14.5016263,0
10.09.2015 20:33:09,50.1310454,14.5015118,0
10.09.2015 21:35:34,50.1310454,14.5015118,0
10.09.2015 22:35:56,50.1310454,14.5015118,0
10.09.2015 23:36:15,50.1310454,14.5015118,0
11.09.2015 00:39:54,50.1310454,14.5015118,0
11.09.2015 01:43:18,50.1310454,14.5015118,0
11.09.2015 02:46:44,50.1310454,14.5015118,0
11.09.2015 03:50:36,50.1310454,14.5015118,0
11.09.2015 04:52:51,50.1310454,14.5015118,0
11.09.2015 05:56:18,50.1310454,14.5015118,0
11.09.2015 06:57:21,50.1083802,14.4409169,0
11.09.2015 07:58:46,50.1047893,14.4495223,1
11.09.2015 08:58:56,50.1048257,14.4493941,1
11.09.2015 10:00:38,50.1047978,14.4493354,1
11.09.2015 11:00:40,50.1048852,14.4496554,1
11.09.2015 12:03:31,50.104804,14.4494909,1
11.09.2015 13:05:47,50.1047852,14.4493689,1
11.09.2015 14:07:01,50.1048286,14.4494105,1
11.09.2015 15:07:08,50.1187524,14.4970173,0
11.09.2015 16:08:03,50.1028017,14.4982221,0
11.09.2015 17:12:35,50.1263063,14.5037023,10
11.09.2015 18:13:27,50.1266227,14.5018587,10
11.09.2015 19:15:33,50.1264408,14.4895912,11
11.09.2015 20:15:48,50.1265066,14.5020199,10
11.09.2015 21:16:52,50.1265066,14.5020199,10
11.09.2015 22:18:03,50.1265066,14.5020199,10
11.09.2015 23:21:59,50.1265066,14.5020199,10
12.09.2015 00:25:38,50.1265066,14.5020199,10
12.09.2015 01:28:19,50.1265066,14.5020199,10
12.09.2015 02:31:35,50.1265066,14.5020199,10
12.09.2015 03:33:34,50.1266691,14.5036765,10
12.09.2015 04:36:50,50.1266691,14.5036765,10
12.09.2015 05:40:03,50.1266691,14.5036765,10
12.09.2015 06:43:18,50.1266691,14.5036765,10
12.09.2015 07:45:48,50.1266691,14.5036765,10
12.09.2015 08:48:20,50.1266503,14.5036571,10
12.09.2015 09:49:36,50.1332207,14.8043269,0
12.09.2015 10:50:51,50.0246746,15.7555893,0
12.09.2015 11:51:41,49.9508369,15.7962742,0
12.09.2015 12:54:34,49.9508329,15.7962867,0
12.09.2015 13:56:09,49.9174029,15.770337,0
12.09.2015 15:00:10,49.9174029,15.770337,0
12.09.2015 16:02:46,49.9174029,15.770337,0
12.09.2015 17:05:01,49.9174029,15.770337,0
12.09.2015 18:08:02,49.9082756,15.7758059,0
12.09.2015 19:11:57,49.9082756,15.7758059,0
12.09.2015 20:14:30,49.9940232,15.7528394,0
12.09.2015 21:18:11,49.9940232,15.7528394,0
12.09.2015 22:22:25,49.9940232,15.7528394,0
12.09.2015 23:23:00,49.9940232,15.7528394,0
13.09.2015 00:26:38,49.9940232,15.7528394,0
13.09.2015 01:30:40,49.9940232,15.7528394,0
13.09.2015 02:34:18,49.9940232,15.7528394,0
13.09.2015 03:38:11,49.9940232,15.7528394,0
13.09.2015 04:41:55,49.9940232,15.7528394,0
13.09.2015 05:46:10,49.9940232,15.7528394,0
13.09.2015 06:48:35,49.9940232,15.7528394,0
13.09.2015 07:51:32,49.9940232,15.7528394,0
13.09.2015 08:52:07,49.9973287,15.7658431,0
13.09.2015 09:53:32,50.1192094,14.555826,0
13.09.2015 10:53:33,50.12638,14.5036608,10
13.09.2015 11:54:00,50.1264109,14.5036686,10
13.09.2015 12:57:47,50.1264487,14.5035225,10
13.09.2015 13:57:48,50.1585595,14.4840928,0
13.09.2015 14:58:04,50.126532,14.503594,10
13.09.2015 16:00:39,50.126532,14.503594,10
13.09.2015 17:05:17,50.126532,14.503594,10
13.09.2015 18:08:24,50.1264546,14.5036537,10
13.09.2015 19:12:02,50.1263741,14.5036321,10
13.09.2015 20:14:57,50.126532,14.503594,10
13.09.2015 21:15:05,50.1264256,14.5035927,10
13.09.2015 22:18:27,50.1264256,14.5035927,10
13.09.2015 23:21:44,50.1264256,14.5035927,10
14.09.2015 00:23:48,50.1264256,14.5035927,10
14.09.2015 01:28:18,50.1264256,14.5035927,10
14.09.2015 02:28:18,50.1264629,14.5036215,10
14.09.2015 03:30:22,50.1264629,14.5036215,10
14.09.2015 04:34:11,50.1264629,14.5036215,10
14.09.2015 05:37:49,50.1264629,14.5036215,10
14.09.2015 06:38:07,50.1268252,14.4889969,11
14.09.2015 07:41:57,50.1047874,14.4495191,1
14.09.2015 08:42:02,50.1047825,14.4494602,1
14.09.2015 09:43:52,50.1047825,14.4494602,1
14.09.2015 10:44:46,50.100036,14.4489449,0
14.09.2015 11:45:34,50.1047843,14.4494311,1
14.09.2015 12:48:08,50.1047918,14.4492537,1
14.09.2015 13:51:04,50.1047918,14.4492537,1
14.09.2015 14:51:38,50.1047627,14.4494285,1
14.09.2015 15:55:04,50.1047627,14.4494285,1
14.09.2015 16:55:44,50.1261315,14.5028227,10
14.09.2015 18:00:19,50.1261315,14.5028227,10
14.09.2015 19:00:44,50.1261315,14.5028227,10
14.09.2015 20:02:25,50.1261315,14.5028227,10
14.09.2015 21:02:51,50.1261315,14.5028227,10
14.09.2015 22:03:14,50.1261315,14.5028227,10
14.09.2015 23:07:30,50.1261315,14.5028227,10
15.09.2015 00:12:00,50.1261315,14.5028227,10
15.09.2015 01:15:08,50.1261315,14.5028227,10
15.09.2015 02:18:37,50.1261315,14.5028227,10
15.09.2015 03:21:50,50.1261315,14.5028227,10
15.09.2015 04:26:04,50.1261315,14.5028227,10
15.09.2015 05:26:32,50.1259247,14.5055695,10
15.09.2015 06:27:44,50.1047944,14.449583,1
15.09.2015 07:29:38,50.1048198,14.4494621,1
15.09.2015 08:30:53,50.1048198,14.4494621,1
15.09.2015 09:35:07,50.1048198,14.4494621,1
15.09.2015 10:38:39,50.1050917,14.4542255,6
15.09.2015 11:41:37,50.1047607,14.4493794,1
15.09.2015 12:43:18,50.1047372,14.4494752,1
15.09.2015 13:45:55,50.1047722,14.4493098,1
15.09.2015 14:46:14,50.1047116,14.4492468,1
15.09.2015 15:47:29,50.0821252,14.4806651,15
15.09.2015 16:50:39,50.0821067,14.480676,15
15.09.2015 17:51:51,50.0887222,14.4692309,16
15.09.2015 18:53:36,50.0888228,14.4692707,16
15.09.2015 19:54:45,50.0887766,14.4692902,16
15.09.2015 20:55:42,50.0887608,14.4693303,16
15.09.2015 21:57:01,50.1040185,14.5024938,0
15.09.2015 23:01:48,50.1182881,14.5012416,0
16.09.2015 00:04:51,50.1182881,14.5012416,0
16.09.2015 01:07:13,50.1182881,14.5012416,0
16.09.2015 02:09:37,50.1182881,14.5012416,0
16.09.2015 03:11:57,50.1182881,14.5012416,0
16.09.2015 04:14:40,50.1182881,14.5012416,0
16.09.2015 05:18:11,50.1182881,14.5012416,0
16.09.2015 06:21:29,50.1309481,14.5016241,0
16.09.2015 07:21:32,50.1044877,14.4754989,0
16.09.2015 08:22:29,50.1047918,14.4495382,1
16.09.2015 09:24:33,50.1048198,14.4494622,1
16.09.2015 10:25:34,50.1006417,14.4459226,0
16.09.2015 11:29:40,50.1048076,14.4494035,1
16.09.2015 12:33:05,50.104828,14.4493841,1
16.09.2015 13:35:28,50.1048248,14.4494186,1
16.09.2015 14:39:51,50.1047968,14.4493471,1
16.09.2015 15:41:14,50.1076563,14.4462485,0
16.09.2015 16:44:43,50.1175197,14.5071493,0
16.09.2015 17:46:01,50.1174966,14.507184,0
16.09.2015 18:47:39,50.1174952,14.5072081,0
16.09.2015 19:48:57,50.1230317,14.5066715,0
16.09.2015 20:53:09,50.1264263,14.50363,10
16.09.2015 21:55:44,50.1264263,14.50363,10
16.09.2015 22:59:41,50.1264263,14.50363,10
17.09.2015 00:04:20,50.1264263,14.50363,10
17.09.2015 01:07:10,50.1264263,14.50363,10
17.09.2015 02:09:29,50.1264263,14.50363,10
17.09.2015 03:12:37,50.1264263,14.50363,10
17.09.2015 04:15:09,50.1264263,14.50363,10
17.09.2015 05:18:07,50.1264263,14.50363,10
17.09.2015 06:19:36,50.1252431,14.4860967,0
17.09.2015 07:20:33,50.1034539,14.450238,0
17.09.2015 08:21:09,50.104784,14.4494245,1
17.09.2015 09:24:15,50.104784,14.4494245,1
17.09.2015 10:25:20,50.1036373,14.4494706,0
17.09.2015 11:29:52,50.1047535,14.4493304,1
17.09.2015 12:31:16,50.1048223,14.4494379,1
17.09.2015 13:37:48,50.1048223,14.4494379,1
17.09.2015 14:39:36,50.104786,14.4493878,1
17.09.2015 15:40:28,50.1079584,14.443012,0
17.09.2015 16:45:36,50.130198,14.4968243,0
17.09.2015 17:47:02,50.1287669,14.4999304,0
17.09.2015 18:55:24,50.1281978,14.4983593,0
17.09.2015 19:56:32,50.1263127,14.5035904,10
17.09.2015 20:59:23,50.1263474,14.5035899,10
17.09.2015 22:03:41,50.1263474,14.5035899,10
17.09.2015 23:05:54,50.1263474,14.5035899,10
18.09.2015 00:09:01,50.1263474,14.5035899,10
18.09.2015 01:12:00,50.1263344,14.5035938,10
18.09.2015 02:15:39,50.1263474,14.5035899,10
18.09.2015 03:19:20,50.1263546,14.5034943,10
18.09.2015 04:22:58,50.1263474,14.5035899,10
18.09.2015 05:25:15,50.1263474,14.5035899,10
18.09.2015 06:26:13,50.1263563,14.5042835,10
18.09.2015 07:31:11,50.1047814,14.4493719,1
18.09.2015 08:35:26,50.1047432,14.4493377,1
18.09.2015 09:35:34,50.104784,14.4493502,1
18.09.2015 10:36:18,50.1036936,14.4494777,0
18.09.2015 11:39:39,50.1036398,14.4494891,0
18.09.2015 12:40:34,50.104757,14.4493438,1
18.09.2015 13:42:34,50.1048028,14.4494429,1
18.09.2015 14:45:32,50.104788,14.449524,1
18.09.2015 15:46:31,50.109133,14.4955137,0
18.09.2015 16:50:49,50.1309877,14.5015587,0
18.09.2015 17:53:55,50.1265302,14.503591,10
18.09.2015 18:57:27,50.1265302,14.503591,10
18.09.2015 20:00:23,50.1264623,14.5036462,10
18.09.2015 21:00:57,50.1264527,14.5036531,10
18.09.2015 22:03:53,50.1264573,14.5036514,10
18.09.2015 23:07:10,50.1265302,14.503591,10
19.09.2015 00:10:39,50.1263904,14.5036667,10
19.09.2015 01:13:49,50.1263904,14.5036667,10
19.09.2015 02:18:04,50.1263721,14.5036806,10
19.09.2015 03:20:48,50.1265307,14.5035957,10
19.09.2015 12:11:12,50.126435,14.5006436,0
19.09.2015 13:11:27,50.1265087,14.5034972,10
19.09.2015 14:14:01,50.1264916,14.5035901,10
19.09.2015 15:17:28,50.1265302,14.5035912,10
19.09.2015 16:20:34,50.126454,14.5035424,10
19.09.2015 17:22:55,50.1264794,14.5035905,10
19.09.2015 18:25:29,50.1265377,14.5035807,10
19.09.2015 19:27:42,50.1264643,14.5035015,10
19.09.2015 20:31:21,50.1265402,14.5035466,10
19.09.2015 21:34:21,50.1265106,14.5036141,10
19.09.2015 22:36:32,50.1266172,14.5036199,10
19.09.2015 23:38:56,50.1265676,14.503631,10
20.09.2015 00:41:32,50.1265304,14.5034873,10
20.09.2015 01:44:25,50.1265232,14.5035833,10
20.09.2015 02:46:48,50.1264419,14.5035089,10
20.09.2015 03:49:26,50.1264803,14.5036615,10
20.09.2015 04:51:48,50.1264401,14.5035917,10
20.09.2015 05:54:22,50.1265227,14.5035844,10
20.09.2015 06:57:00,50.1264544,14.5035955,10
20.09.2015 08:01:25,50.126473,14.5034974,10
20.09.2015 09:01:27,50.1264801,14.5035003,10
20.09.2015 10:06:12,50.1265536,14.5035593,10
20.09.2015 11:10:20,50.1264288,14.5034147,10
20.09.2015 12:12:23,50.1265231,14.5034853,10
20.09.2015 13:12:26,50.1265231,14.5034853,10
20.09.2015 14:15:42,50.1265231,14.5034853,10
20.09.2015 15:18:05,50.1265231,14.5034853,10
20.09.2015 16:20:56,50.1265231,14.5034853,10
20.09.2015 17:23:23,50.1265231,14.5034853,10
20.09.2015 18:25:40,50.1265302,14.5035911,10
20.09.2015 19:29:13,50.1264725,14.5035483,10
20.09.2015 20:32:56,50.1265302,14.5035911,10
20.09.2015 21:35:14,50.1265302,14.5035911,10
20.09.2015 22:38:16,50.1265302,14.5035911,10
20.09.2015 23:41:28,50.1265302,14.5035911,10
21.09.2015 00:43:18,50.1265302,14.5035911,10
21.09.2015 01:46:42,50.1265302,14.5035911,10
21.09.2015 02:49:33,50.1265302,14.5035911,10
21.09.2015 03:52:34,50.1265302,14.5035911,10
21.09.2015 04:54:59,50.1265302,14.5035911,10
21.09.2015 05:56:14,50.1265302,14.5035911,10
21.09.2015 06:57:08,50.1073649,14.4430093,0
21.09.2015 07:57:51,50.1073649,14.4430093,0
21.09.2015 08:58:39,50.1047506,14.4493887,1
21.09.2015 09:59:54,50.1056909,14.450792,7
21.09.2015 11:01:14,50.1047882,14.449354,1
21.09.2015 12:05:49,50.1047882,14.449354,1
21.09.2015 13:07:39,50.1047882,14.449354,1
21.09.2015 14:09:37,50.1048201,14.4494624,1
21.09.2015 15:10:30,50.1050278,14.4495809,1
21.09.2015 16:12:22,50.1047266,14.4492726,1
21.09.2015 17:12:48,50.1237325,14.4852735,0
21.09.2015 18:18:00,50.1237904,14.4852546,0
21.09.2015 19:21:19,50.1237869,14.4852758,0
21.09.2015 20:22:44,50.1237753,14.4852711,0
21.09.2015 21:23:23,50.1261691,14.5030475,10
21.09.2015 22:25:35,50.1261691,14.5030475,10
21.09.2015 23:28:18,50.1261691,14.5030475,10
22.09.2015 00:30:30,50.1261691,14.5030475,10
22.09.2015 01:34:50,50.1261691,14.5030475,10
22.09.2015 02:37:12,50.1261691,14.5030475,10
22.09.2015 03:39:37,50.1261691,14.5030475,10
22.09.2015 04:42:46,50.1261691,14.5030475,10
22.09.2015 05:45:58,50.1261691,14.5030475,10
22.09.2015 06:48:11,50.126525,14.4892023,11
22.09.2015 07:49:14,50.104804,14.4494912,1
22.09.2015 08:50:50,50.1047582,14.4493789,1
22.09.2015 09:52:39,50.1049886,14.4495228,1
22.09.2015 10:53:40,50.1031427,14.4464923,0
22.09.2015 11:57:11,50.1047452,14.449315,1
22.09.2015 12:58:22,50.2339696,14.9130433,0
22.09.2015 13:59:42,50.2284397,14.8740539,0
22.09.2015 15:01:22,50.2185538,14.9176667,0
22.09.2015 16:02:28,50.2339696,14.9130433,0
22.09.2015 17:04:03,50.236145,14.9165913,0
22.09.2015 18:05:52,50.1264713,14.5035544,10
22.09.2015 19:09:39,50.1183536,14.5183179,0
22.09.2015 20:11:52,50.1261522,14.5036212,10
22.09.2015 21:14:36,50.1261522,14.5036212,10
22.09.2015 22:17:40,50.1261522,14.5036212,10
22.09.2015 23:20:46,50.1261522,14.5036212,10
23.09.2015 00:22:18,50.1264753,14.5035937,10
23.09.2015 01:22:28,50.1260646,14.5038872,10
23.09.2015 02:26:31,50.1260646,14.5038872,10
23.09.2015 03:28:48,50.1260646,14.5038872,10
23.09.2015 04:32:28,50.1260646,14.5038872,10
23.09.2015 05:36:01,50.1260646,14.5038872,10
23.09.2015 06:36:32,50.1266594,14.4890989,11
23.09.2015 07:37:18,50.1047868,14.4495206,1
23.09.2015 08:39:44,50.1047472,14.4493842,1
23.09.2015 09:44:15,50.1047875,14.4495193,1
23.09.2015 10:44:36,50.103663,14.4494643,0
23.09.2015 11:46:09,50.1048074,14.4494518,1
23.09.2015 12:46:12,50.1047978,14.4494074,1
23.09.2015 13:46:20,50.104811,14.4494453,1
23.09.2015 14:49:53,50.1047537,14.4493696,1
23.09.2015 15:54:16,50.1047504,14.4493686,1
23.09.2015 16:57:12,50.1041002,14.5281338,0
23.09.2015 17:59:45,50.1034546,14.4501946,0
23.09.2015 19:02:38,50.1264589,14.503593,10
23.09.2015 20:04:09,50.1264589,14.503593,10
23.09.2015 21:06:30,50.1264589,14.503593,10
23.09.2015 22:09:43,50.1264589,14.503593,10
23.09.2015 23:12:14,50.1264589,14.503593,10
24.09.2015 00:15:11,50.1264759,14.5035924,10
24.09.2015 01:18:21,50.1264759,14.5035924,10
24.09.2015 02:18:25,50.1264759,14.5035924,10
24.09.2015 03:21:46,50.1264759,14.5035924,10
24.09.2015 04:24:26,50.1264759,14.5035924,10
24.09.2015 05:26:35,50.1264759,14.5035924,10
24.09.2015 06:27:59,50.1261132,14.5027682,10
24.09.2015 07:32:19,50.1047891,14.4494118,1
24.09.2015 08:33:34,50.1048201,14.4494622,1
24.09.2015 09:36:52,50.104753,14.4494115,1
24.09.2015 10:38:04,50.1048282,14.4495854,1
24.09.2015 11:39:40,50.1048203,14.4494668,1
24.09.2015 12:39:40,50.1047252,14.4492623,1
24.09.2015 13:40:47,50.1048038,14.4494946,1
24.09.2015 14:43:18,50.1047397,14.4493409,1
24.09.2015 15:44:30,50.1047857,14.4496429,1
24.09.2015 16:48:08,50.1057787,14.4300711,0
24.09.2015 17:51:22,50.1057703,14.42998,0
24.09.2015 18:54:49,50.1058172,14.4299326,0
24.09.2015 19:56:26,50.1063794,14.4299831,0
24.09.2015 20:56:35,50.105732,14.4298601,0
24.09.2015 21:57:36,50.1064104,14.4299679,0
24.09.2015 22:57:57,50.130971,14.501606,0
24.09.2015 23:59:26,50.1264725,14.5036306,10
25.09.2015 01:00:17,50.1265598,14.5035557,10
25.09.2015 02:01:04,50.1265947,14.5035721,10
25.09.2015 03:04:15,50.1265498,14.5035434,10
25.09.2015 04:06:49,50.1265576,14.5030096,10
25.09.2015 05:09:44,50.1261074,14.5035859,10
25.09.2015 06:13:18,50.1265142,14.5035477,10
25.09.2015 07:14:09,50.1047645,14.4494028,1
25.09.2015 08:15:37,50.1047998,14.4494325,1
25.09.2015 09:16:28,50.1047803,14.4494,1
25.09.2015 10:16:37,50.104821,14.4494617,1
25.09.2015 11:16:47,50.1047767,14.4494242,1
25.09.2015 12:21:04,50.1047551,14.4493831,1
25.09.2015 13:23:35,50.1047551,14.4493831,1
25.09.2015 14:24:28,50.1048201,14.4494628,1
25.09.2015 15:26:11,50.101093,14.4328187,0
25.09.2015 16:26:21,50.1264328,14.502587,10
25.09.2015 17:26:51,50.1264328,14.502587,10
25.09.2015 18:27:36,50.1264328,14.502587,10
25.09.2015 19:29:19,50.1264328,14.502587,10
25.09.2015 20:32:23,50.1264328,14.502587,10
25.09.2015 21:37:05,50.1264328,14.502587,10
25.09.2015 22:39:32,50.1263691,14.50323,10
25.09.2015 23:41:54,50.1263691,14.50323,10
26.09.2015 00:44:34,50.1268,14.5031768,10
26.09.2015 01:46:57,50.1268,14.5031768,10
26.09.2015 02:50:26,50.1268,14.5031768,10
26.09.2015 03:52:48,50.1268,14.5031768,10
26.09.2015 04:56:28,50.1268,14.5031768,10
26.09.2015 05:57:54,50.1264198,14.5034461,10
26.09.2015 07:01:03,50.1264198,14.5034461,10
26.09.2015 08:03:28,50.1264198,14.5034461,10
26.09.2015 09:07:02,50.1264198,14.5034461,10
26.09.2015 10:08:19,50.1263555,14.5036439,10
26.09.2015 11:12:02,50.1265089,14.5034868,10
26.09.2015 12:12:06,50.1265206,14.5032749,10
26.09.2015 13:14:26,50.1261211,14.5029048,10
26.09.2015 14:17:21,50.1264138,14.5029361,10
26.09.2015 15:20:36,50.1265996,14.5042986,10
26.09.2015 16:23:19,50.1259222,14.5035721,10
26.09.2015 17:26:14,50.1261169,14.5032581,10
26.09.2015 18:28:18,50.1261852,14.5037946,10
26.09.2015 19:29:59,50.1264609,14.5032876,10
26.09.2015 20:32:20,50.1264481,14.5035792,10
26.09.2015 21:36:26,50.1264481,14.5035792,10
26.09.2015 22:39:06,50.1264481,14.5035792,10
26.09.2015 23:41:57,50.1264481,14.5035792,10
27.09.2015 00:45:31,50.1264481,14.5035792,10
27.09.2015 01:47:52,50.1264267,14.5038285,10
27.09.2015 02:51:32,50.1264267,14.5038285,10
27.09.2015 03:55:18,50.1264267,14.5038285,10
27.09.2015 04:58:31,50.1264267,14.5038285,10
27.09.2015 06:01:28,50.1264267,14.5038285,10
27.09.2015 07:04:21,50.1267745,14.5033371,10
27.09.2015 08:07:50,50.1267745,14.5033371,10
27.09.2015 09:11:57,50.1267745,14.5033371,10
27.09.2015 10:13:49,50.1267745,14.5033371,10
27.09.2015 11:16:53,50.1263955,14.5033956,10
27.09.2015 12:19:05,50.1263955,14.5033956,10
27.09.2015 13:21:58,50.1263955,14.5033956,10
27.09.2015 14:25:19,50.1263955,14.5033956,10
27.09.2015 15:27:34,50.1263955,14.5033956,10
27.09.2015 16:31:27,50.1263818,14.5028883,10
27.09.2015 17:34:05,50.1263818,14.5028883,10
27.09.2015 18:36:57,50.1262728,14.5037517,10
27.09.2015 19:39:23,50.1260886,14.5034227,10
27.09.2015 20:41:57,50.1261717,14.5045585,10
27.09.2015 21:45:02,50.1260095,14.5038424,10
27.09.2015 22:47:18,50.1260095,14.5038424,10
27.09.2015 23:50:00,50.1260095,14.5038424,10
28.09.2015 00:53:22,50.1260095,14.5038424,10
28.09.2015 01:56:30,50.1260095,14.5038424,10
28.09.2015 02:58:54,50.1263403,14.5036611,10
28.09.2015 04:02:06,50.1263403,14.5036611,10
28.09.2015 05:02:09,50.1263403,14.5036611,10
28.09.2015 06:07:24,50.1263403,14.5036611,10
28.09.2015 07:09:59,50.1271987,14.5028917,10
28.09.2015 12:03:27,50.1264163,14.5032098,10
28.09.2015 13:05:52,50.126428,14.5033879,10
28.09.2015 14:09:25,50.126428,14.5033879,10
28.09.2015 15:13:49,50.126428,14.5033879,10
28.09.2015 16:18:27,50.126428,14.5033879,10
28.09.2015 17:22:14,50.126428,14.5033879,10
28.09.2015 18:24:44,50.126428,14.5033879,10
28.09.2015 19:27:40,50.126428,14.5033879,10
28.09.2015 20:31:21,50.126428,14.5033879,10
28.09.2015 21:34:56,50.126428,14.5033879,10
28.09.2015 22:37:19,50.126428,14.5033879,10
28.09.2015 23:38:20,50.126428,14.5033879,10
29.09.2015 00:40:46,50.126428,14.5033879,10
29.09.2015 01:44:37,50.126428,14.5033879,10
29.09.2015 02:46:43,50.126428,14.5033879,10
29.09.2015 03:49:07,50.126428,14.5033879,10
29.09.2015 04:51:41,50.126428,14.5033879,10
29.09.2015 05:53:50,50.126428,14.5033879,10
29.09.2015 06:55:48,50.1198294,14.4440722,0
29.09.2015 07:58:04,50.1048199,14.4494334,1
29.09.2015 09:01:17,50.1047524,14.4494142,1
29.09.2015 11:31:14,50.1047148,14.4492807,1
29.09.2015 12:35:05,50.1047371,14.4493544,1
29.09.2015 13:36:04,50.104729,14.4493192,1
29.09.2015 14:37:18,50.104804,14.4494908,1
29.09.2015 15:38:09,50.0839698,14.4821543,0
29.09.2015 16:38:46,50.0821777,14.4805699,15
29.09.2015 17:40:11,50.10361,14.4735181,0
29.09.2015 18:41:50,50.1024581,14.4758082,0
29.09.2015 19:45:17,50.1024828,14.475886,0
29.09.2015 20:45:17,50.1256657,14.5029238,10
29.09.2015 21:45:37,50.1263121,14.5036706,10
29.09.2015 22:47:08,50.1264353,14.5034791,10
29.09.2015 23:49:34,50.1264262,14.5034879,10
30.09.2015 00:50:09,50.1264178,14.5034844,10
30.09.2015 01:52:31,50.1264278,14.5035421,10
30.09.2015 02:53:11,50.1264278,14.5035421,10
30.09.2015 03:55:24,50.1263168,14.503914,10
30.09.2015 04:57:14,50.1265302,14.5035912,10
30.09.2015 05:59:32,50.1265302,14.5035912,10
30.09.2015 07:00:08,50.1264732,14.5034801,10
30.09.2015 08:00:33,50.1196191,14.6601189,0
30.09.2015 09:01:34,50.119345,14.6607816,0
30.09.2015 10:04:01,50.0927178,14.4455278,0
30.09.2015 11:05:07,50.1048398,14.4494525,1
30.09.2015 12:06:44,50.1048029,14.4494937,1
30.09.2015 13:07:11,50.1047529,14.4492762,1
30.09.2015 14:09:06,50.1048002,14.4494861,1
30.09.2015 15:13:18,50.1048002,14.4494861,1
30.09.2015 16:14:22,50.1080717,14.4437224,0
30.09.2015 17:15:35,50.1185034,14.4990086,0
30.09.2015 18:16:55,50.1026346,14.5004387,0
30.09.2015 19:20:20,50.1026877,14.5005351,0
30.09.2015 20:24:02,50.1026806,14.5004383,0
30.09.2015 21:24:18,50.1183446,14.5008431,0
30.09.2015 22:25:48,50.1265303,14.5035914,10
30.09.2015 23:28:50,50.1264631,14.5034629,10
01.10.2015 00:29:30,50.1263007,14.5026378,10
01.10.2015 01:31:19,50.1264315,14.5033428,10
01.10.2015 02:31:36,50.1264315,14.5033428,10
01.10.2015 03:34:34,50.1264315,14.5033428,10
01.10.2015 04:37:48,50.1262747,14.503531,10
01.10.2015 05:39:41,50.1262747,14.503531,10
01.10.2015 06:41:30,50.1262199,14.5051091,10
01.10.2015 07:45:13,50.1047745,14.4493787,1
01.10.2015 08:46:50,50.1047854,14.4494021,1
01.10.2015 09:48:42,50.1047107,14.4492461,1
01.10.2015 10:53:29,50.1059936,14.452254,0
01.10.2015 11:57:51,50.104784,14.4493644,1
01.10.2015 12:58:18,50.1047658,14.4492626,1
01.10.2015 14:00:30,50.1048191,14.449462,1
01.10.2015 15:01:03,50.1048198,14.4494623,1
01.10.2015 16:01:30,50.1283669,14.4981479,0
01.10.2015 17:02:28,50.1281592,14.4985739,0
01.10.2015 18:02:46,50.1267459,14.5018449,10
01.10.2015 19:05:19,50.1267459,14.5018449,10
01.10.2015 20:09:14,50.1264473,14.5035903,10
01.10.2015 21:13:18,50.1264473,14.5035903,10
01.10.2015 22:16:00,50.1264473,14.5035903,10
01.10.2015 23:18:40,50.1264473,14.5035903,10
02.10.2015 00:22:23,50.1264834,14.503591,10
02.10.2015 01:24:28,50.1264834,14.503591,10
02.10.2015 02:27:05,50.1264834,14.503591,10
02.10.2015 03:30:04,50.1264834,14.503591,10
02.10.2015 04:33:34,50.1264834,14.503591,10
02.10.2015 05:36:30,50.1264834,14.503591,10
02.10.2015 06:36:54,50.1285083,14.4916716,0
02.10.2015 07:38:04,50.1047675,14.4494213,1
02.10.2015 08:39:13,50.1048201,14.4494624,1
02.10.2015 09:43:54,50.1048201,14.4494624,1
02.10.2015 10:45:52,50.1031831,14.4483408,2
02.10.2015 11:49:34,50.1018896,14.439306,0
02.10.2015 12:51:13,50.1034285,14.4501933,0
02.10.2015 13:52:18,50.1047486,14.4493858,1
02.10.2015 14:54:25,50.1047486,14.4493858,1
02.10.2015 15:55:30,50.1047023,14.4497359,1
02.10.2015 17:00:09,50.1260658,14.5027722,10
02.10.2015 18:02:25,50.1260658,14.5027722,10
02.10.2015 19:03:23,50.1260658,14.5027722,10
02.10.2015 20:06:59,50.1260658,14.5027722,10
02.10.2015 21:10:13,50.1260658,14.5027722,10
02.10.2015 22:13:18,50.1264763,14.5035899,10
02.10.2015 23:16:11,50.1264763,14.5035899,10
03.10.2015 00:19:12,50.1264763,14.5035899,10
03.10.2015 01:22:11,50.1264763,14.5035899,10
03.10.2015 02:24:24,50.1264763,14.5035899,10
03.10.2015 03:26:54,50.1264763,14.5035899,10
03.10.2015 04:29:10,50.1264763,14.5035899,10
03.10.2015 05:31:46,50.1264763,14.5035899,10
03.10.2015 06:32:44,50.1248081,14.5050923,10
03.10.2015 07:33:03,50.1262185,14.5037205,10
03.10.2015 08:35:40,50.1262185,14.5037205,10
03.10.2015 09:37:06,50.1392467,14.4996051,0
03.10.2015 10:38:07,50.1311634,14.5011589,0
03.10.2015 11:39:19,50.1353792,14.5005129,13
03.10.2015 12:41:21,50.1311609,14.5011745,0
03.10.2015 13:42:11,50.1265305,14.5035917,10
03.10.2015 14:45:11,50.1265302,14.503591,10
03.10.2015 15:46:52,50.126306,14.5036519,10
03.10.2015 16:50:13,50.1264771,14.5036077,10
03.10.2015 17:53:06,50.1264949,14.5036346,10
03.10.2015 18:56:08,50.1265305,14.5035917,10
03.10.2015 19:56:55,50.1264511,14.50361,10
03.10.2015 21:01:50,50.1264511,14.50361,10
03.10.2015 22:05:58,50.1264758,14.5035908,10
03.10.2015 23:08:09,50.1264944,14.5036337,10
04.10.2015 00:11:24,50.1264944,14.5036337,10
04.10.2015 01:15:23,50.1264944,14.5036337,10
04.10.2015 02:18:07,50.1265305,14.5035917,10
04.10.2015 03:20:52,50.1265294,14.5035909,10
04.10.2015 04:23:21,50.1264084,14.5036618,10
04.10.2015 05:25:57,50.1265294,14.5035909,10
04.10.2015 06:29:17,50.1262893,14.5037042,10
04.10.2015 21:12:57,50.126499,14.5035901,10
04.10.2015 22:13:37,50.1265333,14.503628,10
04.10.2015 23:18:10,50.1261476,14.5037147,10
05.10.2015 00:22:04,50.1265945,14.5036505,10
05.10.2015 01:24:19,50.1265416,14.5035258,10
05.10.2015 02:28:50,50.1265416,14.5035258,10
05.10.2015 03:32:23,50.1265416,14.5035258,10
05.10.2015 04:35:09,50.1265282,14.5035566,10
05.10.2015 05:38:25,50.1265604,14.5035448,10
05.10.2015 06:38:34,50.1266936,14.5017585,10
05.10.2015 07:42:05,50.1047737,14.4493323,1
05.10.2015 08:43:03,50.1047871,14.4494069,1
05.10.2015 09:43:50,50.104819,14.449464,1
05.10.2015 10:47:17,50.104819,14.449464,1
05.10.2015 11:48:45,50.1047518,14.4493907,1
05.10.2015 12:48:52,50.1047421,14.4493732,1
05.10.2015 13:48:57,50.1047831,14.4496529,1
05.10.2015 14:49:13,50.1047991,14.4494644,1
05.10.2015 15:53:18,50.1048198,14.4494622,1
05.10.2015 16:57:43,50.1264613,14.5035929,10
05.10.2015 17:58:04,50.1264494,14.5035903,10
05.10.2015 19:01:00,50.1264275,14.5035898,10
05.10.2015 20:03:35,50.1264275,14.5035898,10
05.10.2015 21:03:48,50.1267155,14.503352,10
05.10.2015 22:04:45,50.1267155,14.503352,10
05.10.2015 23:07:51,50.1265108,14.503477,10
06.10.2015 00:10:12,50.1265108,14.503477,10
06.10.2015 01:13:19,50.1265108,14.503477,10
06.10.2015 02:16:54,50.1264053,14.5036845,10
06.10.2015 03:19:20,50.1264053,14.5036845,10
06.10.2015 04:21:52,50.1264053,14.5036845,10
06.10.2015 05:24:21,50.1264053,14.5036845,10
06.10.2015 06:24:51,50.1264619,14.5040802,10
06.10.2015 07:25:51,50.1048041,14.4494916,1
06.10.2015 08:26:14,50.104778,14.4494265,1
06.10.2015 09:27:51,50.1047377,14.4493317,1
06.10.2015 10:28:14,50.1048345,14.4493449,1
06.10.2015 11:30:01,50.1047658,14.4493656,1
06.10.2015 12:30:44,50.1047122,14.4492405,1
06.10.2015 13:34:13,50.1048032,14.449491,1
06.10.2015 14:37:38,50.1048032,14.449491,1
06.10.2015 15:37:48,50.0821246,14.4806088,15
06.10.2015 16:38:10,50.0821315,14.4806315,15
06.10.2015 17:38:11,50.0886611,14.4693536,16
06.10.2015 18:38:16,50.0884443,14.4692708,0
06.10.2015 19:39:34,50.0886967,14.4693452,16
06.10.2015 20:41:00,50.0987724,14.4736885,0
06.10.2015 21:42:00,50.1264248,14.5005696,0
06.10.2015 22:44:42,50.1261908,14.5037911,10
06.10.2015 23:44:57,50.1264759,14.5034977,10
07.10.2015 00:47:33,50.1264759,14.5034977,10
07.10.2015 01:50:27,50.1264731,14.5034782,10
07.10.2015 02:55:00,50.126477,14.5034818,10
07.10.2015 03:58:18,50.1265255,14.5037302,10
07.10.2015 05:01:26,50.1264147,14.5034946,10
07.10.2015 06:04:17,50.1264147,14.5034946,10
07.10.2015 07:04:26,50.1046155,14.4496837,1
07.10.2015 08:06:07,50.1047867,14.4495212,1
07.10.2015 09:09:09,50.1048141,14.4492815,1
07.10.2015 10:10:30,50.1048203,14.4494668,1
07.10.2015 11:12:55,50.1050691,14.4497224,1
07.10.2015 12:17:16,50.1048152,14.4494591,1
07.10.2015 13:20:24,50.1048201,14.4494628,1
07.10.2015 14:22:08,50.1048201,14.4494628,1
07.10.2015 15:25:05,50.1048203,14.4494639,1
07.10.2015 16:27:18,50.1048126,14.4493023,1
07.10.2015 17:28:21,50.1171653,14.4680922,0
07.10.2015 18:29:32,50.1263768,14.503655,10
07.10.2015 19:32:08,50.1263768,14.503655,10
07.10.2015 20:34:47,50.1263768,14.503655,10
07.10.2015 21:38:24,50.1265302,14.5035912,10
07.10.2015 22:41:50,50.1265302,14.5035912,10
07.10.2015 23:44:14,50.1265305,14.5035913,10
08.10.2015 00:47:02,50.1265305,14.5035913,10
08.10.2015 01:50:05,50.1264814,14.5035934,10
08.10.2015 02:55:18,50.1265305,14.5035913,10
08.10.2015 03:58:40,50.1265305,14.5035913,10
08.10.2015 05:01:51,50.1265305,14.5035913,10
08.10.2015 06:05:03,50.1265305,14.5035913,10
08.10.2015 07:06:09,50.1045834,14.4496873,1
08.10.2015 08:07:26,50.1048198,14.4494621,1
08.10.2015 09:08:07,50.1047907,14.4492631,1
08.10.2015 10:08:54,50.1048277,14.4493971,1
08.10.2015 11:09:33,50.1077445,14.4491919,0
08.10.2015 12:11:38,50.104917,14.4495319,1
08.10.2015 13:16:16,50.1048201,14.4494628,1
08.10.2015 14:19:23,50.104832,14.4493806,1
08.10.2015 15:21:18,50.1047781,14.449379,1
08.10.2015 16:22:44,50.1240532,14.4977777,0
08.10.2015 17:27:08,50.1262173,14.5036856,10
08.10.2015 18:29:48,50.1262533,14.5036707,10
08.10.2015 19:33:03,50.1265294,14.5035909,10
08.10.2015 20:35:26,50.1265294,14.5035909,10
08.10.2015 21:38:51,50.1265294,14.5035909,10
08.10.2015 22:41:43,50.1265294,14.5035909,10
08.10.2015 23:46:25,50.1265294,14.5035909,10
09.10.2015 00:49:58,50.1265294,14.5035909,10
09.10.2015 01:53:21,50.1265294,14.5035909,10
09.10.2015 02:56:18,50.1263808,14.503665,10
09.10.2015 03:58:35,50.1265294,14.5035909,10
09.10.2015 05:01:05,50.1265294,14.5035909,10
09.10.2015 06:03:06,50.1265294,14.5035909,10
09.10.2015 07:03:42,50.1036773,14.4495061,0
09.10.2015 08:07:06,50.1048193,14.4494624,1
09.10.2015 09:09:13,50.1048191,14.4494634,1
09.10.2015 10:10:22,50.1036647,14.4495063,0
09.10.2015 11:12:15,50.1047655,14.4494094,1
09.10.2015 12:13:19,50.1024799,14.4495642,0
09.10.2015 13:13:52,50.0505451,14.5654039,0
09.10.2015 14:14:20,50.0369778,14.575912,0
10.10.2015 09:41:00,50.1265305,14.5035915,10
10.10.2015 10:45:25,50.1265302,14.503591,10
10.10.2015 11:48:42,50.126537,14.503617,10
10.10.2015 12:51:26,50.126311,14.5036951,10
10.10.2015 13:51:28,50.1262911,14.5033663,10
10.10.2015 14:55:50,50.1262911,14.5033663,10
10.10.2015 15:58:25,50.1262911,14.5033663,10
10.10.2015 17:02:12,50.1262911,14.5033663,10
10.10.2015 18:05:22,50.1265683,14.5035785,10
10.10.2015 19:08:12,50.1265683,14.5035785,10
10.10.2015 20:11:24,50.1263485,14.5033614,10
10.10.2015 21:14:55,50.1263485,14.5033614,10
10.10.2015 22:17:25,50.1263485,14.5033614,10
10.10.2015 23:21:23,50.1261692,14.5036512,10
11.10.2015 00:26:11,50.1265816,14.5036866,10
11.10.2015 01:30:21,50.1265816,14.5036866,10
11.10.2015 02:33:31,50.1265816,14.5036866,10
11.10.2015 03:36:24,50.1265816,14.5036866,10
11.10.2015 04:41:19,50.1262007,14.5036317,10
11.10.2015 05:46:24,50.1262007,14.5036317,10
11.10.2015 06:51:25,50.1262007,14.5036317,10
11.10.2015 07:56:11,50.1262007,14.5036317,10
11.10.2015 09:01:24,50.1269693,14.5033394,10
11.10.2015 10:05:21,50.1269693,14.5033394,10
11.10.2015 11:06:34,50.1264781,14.5035584,10
11.10.2015 12:10:59,50.1266241,14.5035469,10
11.10.2015 13:13:31,50.1266241,14.5035469,10
11.10.2015 14:16:25,50.1268565,14.5039283,10
11.10.2015 15:16:33,50.1269167,14.5036041,10
11.10.2015 16:16:35,50.1269167,14.5036041,10
11.10.2015 17:21:24,50.1269167,14.5036041,10
11.10.2015 18:21:25,50.1269167,14.5036041,10
11.10.2015 19:26:10,50.1267756,14.5035135,10
11.10.2015 20:26:24,50.1264756,14.5034822,10
11.10.2015 21:31:25,50.1264756,14.5034822,10
11.10.2015 22:36:10,50.1264756,14.5034822,10
11.10.2015 23:36:30,50.1264756,14.5034822,10
12.10.2015 00:41:24,50.1265407,14.5026776,10
12.10.2015 01:45:57,50.1265386,14.5036234,10
12.10.2015 02:49:41,50.1270181,14.5021681,10
12.10.2015 03:53:10,50.126532,14.503594,10
12.10.2015 04:56:14,50.1265675,14.5037151,10
12.10.2015 05:58:18,50.126532,14.503594,10
12.10.2015 07:02:25,50.1266769,14.5037054,10
12.10.2015 08:04:36,50.1073592,14.5615294,0
12.10.2015 09:07:06,50.107349,14.5613679,0
12.10.2015 10:08:35,50.1050049,14.5216135,0
12.10.2015 11:10:17,50.1058457,14.4508308,7
12.10.2015 12:10:19,50.1048203,14.4495736,1
